id;movie;genders;duration;director;price;release_on;rent_to;rent_on;status
1;Conjuring, The;Horror|Thriller;155;Amata Schultes;23.63;2023-08-25;;;
2;Married Life;Crime|Drama|Romance;156;Carleton Gronaver;66.16;2023-01-01;;;
3;Genocide (Konchû daisensô);Horror|Sci-Fi;224;Ardenia Gobeaux;44.98;2022-11-15;;;
4;American Loser (Trainwreck: My Life as an Idiot);Comedy|Drama;92;Cooper Bolzen;148.01;2023-09-24;;;
5;Ruins;Documentary;111;Gareth Row;37.85;2023-01-28;;;
6;Rasen;Drama|Fantasy|Horror|Mystery|Thriller;129;Laurent MacGowan;92.98;2023-02-13;;;
7;Let the Right One In (Låt den rätte komma in);Drama|Fantasy|Horror|Romance;91;Roseanne Steward;87.67;2023-04-25;;;
8;Human Planet;Documentary;195;Terry Rogerson;60.41;2022-12-13;;;
9;Beau Pere (a.k.a. Stepfather) (Beau-père);Drama;182;Emmalynne Conlaund;72.62;2023-03-11;;;
10;Goebbels Experiment, The (Das Goebbels Experiment);Documentary;233;Loella Gaspar;125.84;2023-07-06;;;
11;Josephine;Comedy|Romance;209;El Brisse;21.67;2022-12-30;;;
12;The Inhabited Island 2: Rebellion;Action|Adventure|Sci-Fi;152;Jesselyn Whodcoat;32.59;2023-10-07;;;
13;Firm, The;Drama|Thriller;148;Joannes Hankin;43.07;2023-04-16;;;
14;What If;Comedy|Drama|Romance;101;Shirlene Spellesy;45.54;2023-09-12;;;
15;Red Ensign;(no genres listed);155;Aubrey Edbrooke;124.36;2023-09-13;;;
16;Zatoichi the Fugitive (Zatôichi kyôjô-tabi) (Zatôichi 4);Action|Drama;209;Gwennie Kohrding;45.76;2023-05-17;;;
17;Cheers for Miss Bishop;Drama;183;Beryle Schruur;149.98;2023-07-05;;;
18;Alien Nation: Dark Horizon;Drama|Sci-Fi;140;Lombard Pincott;26.42;2023-04-03;;;
19;Number 23, The;Drama|Mystery|Thriller;125;Mohandis Bargery;148.25;2023-02-28;;;
20;Notti bianche, Le (White Nights);Drama|Romance;170;Raymund Reddie;97.76;2023-05-26;;;
21;Big Broadcast of 1938, The;Comedy|Musical|Romance;103;Xerxes McGriffin;25.24;2023-08-02;;;
22;Artois the Goat;Comedy;130;Minnaminnie Darrigrand;97.23;2023-07-15;;;
23;Satan's School for Girls;Crime|Horror|Mystery;225;Timotheus Peaurt;30.64;2023-05-21;;;
24;Dark Horse (Voksne mennesker);Comedy|Drama|Romance;147;Vera Stedson;97.88;2023-08-12;;;
25;Mother and the Whore, The (Maman et la putain, La);Drama;196;Maurizia Sambath;75.73;2023-01-20;;;
26;Fed Up;Documentary;127;Winnie Alexandersson;114.54;2023-05-06;;;
27;Couch Trip, The;Comedy;163;Delmore Robotham;123.06;2023-10-19;;;
28;I Think I Do;Comedy;166;Henry Cawthron;61.92;2023-06-06;;;
29;Bad Johnson;Comedy|Fantasy;146;Dory Boothe;131.79;2023-03-26;;;
30;Dead or Alive 2: Tôbôsha;Action|Crime|Thriller;150;Rayna Loveguard;66.07;2023-07-17;;;
31;Dust Factory, The;Adventure|Children|Romance;203;Jarad Lodemann;136.61;2023-10-31;;;
32;12 Storeys (Shier lou);Comedy|Drama;204;Arlan Manville;129.38;2023-10-21;;;
33;Barbie: A Fashion Fairytale;Animation|Children;100;Reagen Cosin;52.27;2023-04-02;;;
34;Messiah of Evil;Horror;136;Nickie Pinch;21.42;2023-07-16;;;
35;Random Hearts;Drama|Romance;176;Rubi Redish;131.93;2023-03-20;;;
36;Fist of Jesus;(no genres listed);157;Humbert Baroc;97.94;2023-10-06;;;
37;Justin and the Knights of Valour;Adventure|Animation;143;Culley Ovendon;106.65;2023-03-26;;;
38;Dying Gaul, The;Drama|Romance;168;Tamara Stearley;111.45;2023-06-11;;;
39;Coco Chanel & Igor Stravinsky;Drama|Romance;146;Jaquelyn Fidian;99.03;2023-04-01;;;
40;Big Eyes;Drama;232;Chadd Pauer;64.99;2023-05-10;;;
41;Macbeth;Drama;151;Yoko Matula;115.43;2023-04-28;;;
42;Flight 93;Drama;159;Lainey Faiers;81.21;2023-09-07;;;
43;Lost World: Jurassic Park, The;Action|Adventure|Sci-Fi|Thriller;107;Henryetta Folke;98.97;2023-08-27;;;
44;Life After Tomorrow;Documentary;121;Perry Duggary;21.07;2023-02-23;;;
45;Bound by Honor (a.k.a. Blood In, Blood Out);Action|Crime|Drama|Thriller;132;Colet Worge;65.68;2023-03-03;;;
46;Nest, The (Nid de Guêpes);Action|Crime|Thriller;215;Reed Veschambre;37.99;2023-06-06;;;
47;Dorm Daze (National Lampoon Presents Dorm Daze);Comedy;122;Humphrey Spours;115.52;2023-04-11;;;
48;Yeh Jawaani Hai Deewani;Comedy|Drama|Musical|Romance;187;Leonard Dorkin;56.11;2023-04-18;;;
49;Apt Pupil;Drama|Thriller;174;Ky Dare;73.29;2023-09-05;;;
50;American Gun;Drama;220;Valentina Pitbladdo;65.48;2022-12-24;;;
51;Chains (Catene);Crime|Drama;209;Cherlyn MacKaig;69.65;2023-05-31;;;
52;Mighty Morphin Power Rangers: The Movie;Action|Children;137;Alberto Allenson;55.99;2023-04-04;;;
53;I Stand Alone (Seul contre tous);Drama|Thriller;183;Dyan Mariault;116.32;2023-01-20;;;
54;Keys of the Kingdom, The;Drama;91;Demetria Arnatt;82.9;2023-01-02;;;
55;Good Woman, A;Comedy|Drama|Romance;177;Vidovic Lalley;105.0;2023-05-31;;;
56;Transformers: Dark of the Moon;Action|Adventure|Sci-Fi|War|IMAX;219;Sonya Vernham;71.58;2023-04-01;;;
57;Man with the Iron Fists, The;Action|Adventure|Crime;175;Karna Titterrell;148.36;2023-06-11;;;
58;Tortilla Soup;Comedy|Romance;96;Zelda Gambell;126.38;2023-02-20;;;
59;Woo;Comedy|Romance;133;Lin Lord;17.22;2023-04-02;;;
60;Phffft;Comedy|Romance;183;Delmar Medcalf;146.89;2023-06-05;;;
61;Rapa Nui;Action|Adventure|Drama|Romance;228;Niven Panniers;90.03;2023-09-08;;;
62;Terminator, The;Action|Sci-Fi|Thriller;222;Georgianne Lghan;69.55;2023-06-24;;;
63;Anatomy (Anatomie);Horror;106;Maia Heard;138.75;2023-08-24;;;
64;If You Are the One;Comedy|Romance;115;Yale Scoone;24.66;2023-05-01;;;
65;Ledge, The;Drama|Thriller;231;Rozelle Shark;62.8;2023-04-18;;;
66;Wind, The;Drama|Western;191;Aleda Bryce;62.88;2023-01-10;;;
67;Patrice O'Neal: Elephant in the Room;Comedy;106;Sheila-kathryn Floyd;117.9;2023-04-27;;;
68;Texas Chainsaw Massacre: The Next Generation (a.k.a. The Return of the Texas Chainsaw Massacre);Horror;219;Britt Pridie;126.88;2023-02-24;;;
69;Room, The;Comedy|Drama|Romance;99;Frankie Smallridge;10.04;2023-03-31;;;
70;Pickle, The;Comedy;197;Cookie Rushbrooke;47.11;2023-08-05;;;
71;Destination Gobi;Adventure|Drama|War;115;Russell Crewe;75.63;2022-12-31;;;
72;Bone Man, The (Der Knochenmann);Crime|Thriller;161;Susy Bucham;129.45;2023-03-23;;;
73;Juha;Comedy|Drama|Romance;181;Theresa Oldnall;52.88;2023-03-29;;;
74;Sokkotanssi;Comedy|Drama;224;Bary Ashbrook;22.19;2023-05-10;;;
75;Sasayaki (a.k.a. Moonlight Whispers) (Gekkô no sasayaki);Drama|Romance;156;Reagan Bannard;133.78;2023-06-02;;;
76;Familiar Ground;Comedy;193;Kelbee Saunder;79.65;2023-05-15;;;
77;Deliverance Creek;Drama;103;Lian Fuidge;65.8;2023-09-22;;;
78;Gunday;Action|Crime|Drama;195;Eamon Baterip;145.25;2023-05-05;;;
79;Cthulhu;Drama|Thriller;236;Kerry Broadbridge;64.33;2022-12-03;;;
80;Stakeout on Dope Street;Crime|Drama;188;Chelsea Porcher;90.21;2022-11-13;;;
81;Summer School;Comedy;121;Bartholomeus Bratley;114.06;2023-10-31;;;
82;Rent;Drama|Musical|Romance;212;Julianna Lambert;139.73;2023-10-10;;;
83;Pursuit of Happyness, The;Drama;233;Sheridan Thursfield;137.22;2023-01-01;;;
84;League of Extraordinary Gentlemen, The (a.k.a. LXG);Action|Fantasy|Sci-Fi;212;Helenelizabeth Coode;90.4;2023-07-15;;;
85;Woods, The;Horror;116;Adela Laycock;17.86;2023-10-04;;;
86;Mág;Drama;94;Jaime Janu;10.92;2023-03-01;;;
87;Buffalo Bill;Western;202;Turner Scullin;128.16;2023-02-05;;;
88;All Dogs Go to Heaven 2;Adventure|Animation|Children|Fantasy|Musical|Romance;197;Alli Kinghorne;103.64;2023-03-25;;;
89;Boom Town;Adventure|Drama|Romance;146;Charles Bass;142.87;2023-04-09;;;
90;Suicide Kings;Comedy|Crime|Drama|Mystery|Thriller;225;Michail Jedrzejewicz;61.68;2023-07-24;;;
91;Casino Jack;Comedy|Crime;102;Drusi Pack;39.48;2023-09-15;;;
92;Luna Papa;Comedy|Drama|Fantasy;191;Gordan Cutmore;72.68;2023-02-17;;;
93;Cave of Forgotten Dreams;Documentary;128;Royal Lindner;94.65;2023-10-24;;;
94;Tunes of Glory;Drama;102;Keene Hawkeswood;95.1;2023-09-18;;;
95;Sleepy Hollow;Fantasy|Horror|Mystery|Romance;125;Sybyl Brownsett;43.86;2023-10-17;;;
96;Place Called Chiapas, A;Documentary;195;Terrill Elkington;71.65;2022-12-14;;;
97;I Want You;Crime|Drama|Romance;176;Eldon Copson;29.81;2023-03-06;;;
98;Virtual JFK: Vietnam If Kennedy Had Lived;Documentary;100;Harcourt Keirle;21.71;2023-09-14;;;
99;Strange Invaders;Drama|Romance|Sci-Fi;129;Vivia Grebner;121.21;2023-04-24;;;
100;Ninja Scroll (Jûbei ninpûchô);Action|Adventure|Animation|Fantasy;202;Rance Clink;77.8;2023-08-03;;;
101;Dangerous Liaisons;Drama|Romance;164;Marris Caton;128.71;2023-06-28;;;
102;Front Line, The;Crime|Drama|Thriller|War;139;Nikola McKernon;140.3;2023-05-20;;;
103;Old Gringo;Drama;202;Deeanne MacBarron;138.47;2022-11-24;;;
104;Under Ten Flags;Drama|War;156;Rosita Sheringham;112.68;2023-09-15;;;
105;If I Were You (Se Eu Fosse Você);Comedy;234;Bobbe Mullaly;149.71;2023-09-17;;;
106;Lovelace;Drama;206;Patrice Judge;128.75;2022-12-04;;;
107;Enemies Closer;Action|Thriller;216;Margeaux Dunphy;85.62;2023-10-03;;;
108;Buck;Documentary;183;Poppy Gosenell;46.59;2023-07-21;;;
109;How to Train Your Dragon;Adventure|Animation|Children|Fantasy|IMAX;126;Dorry Duchatel;106.73;2023-02-28;;;
110;Crooks in Clover (a.k.a. Monsieur Gangster) (Les tontons flingueurs);Action|Comedy|Crime;146;Araldo Grime;123.23;2023-07-06;;;
111;Randy Rides Alone;Western;230;Elliot Poolton;110.6;2023-05-22;;;
112;Gunman's Walk ;Western;112;Georgianne Ralton;101.5;2023-07-03;;;
113;Sweepers;Action|Adventure|Drama;158;Artemus Garken;21.7;2023-02-13;;;
114;Ponterosa;Comedy;229;Diane-marie Tuft;56.51;2023-02-01;;;
115;Mother (Madeo);Crime|Drama|Mystery|Thriller;137;Gavra Urlin;76.96;2022-12-27;;;
116;Fun is Beautiful;Comedy;123;Drona Saunder;108.16;2022-11-30;;;
117;Dinner at Eight;Comedy|Drama|Romance;207;Merle Devenny;75.46;2023-03-03;;;
118;Border Feud;Action|Comedy|Western;107;Dulcie Kruschev;65.86;2023-07-30;;;
119;Black Watch, The;Adventure|Drama;212;Dunn Hyrons;109.04;2022-12-11;;;
120;Aquí llega Condemor, el pecador de la pradera;Comedy|Western;206;Matteo Piddocke;35.77;2023-07-26;;;
121;Witnesses, The (Les témoins);Drama;115;Angy Jarlmann;139.99;2023-01-22;;;
122;Chapman Report, The;Comedy|Drama|Romance;91;Rozele Choules;80.82;2023-06-19;;;
123;Johnny Be Good;Comedy;188;Alia Kuhl;20.22;2023-08-08;;;
124;Mad Dog Coll;Crime|Drama;181;Jonell Kewley;124.18;2023-10-05;;;
125;Hilary and Jackie;Drama;100;Shannah Padwick;135.67;2023-07-19;;;
126;Christmas Story, A;Children|Comedy;225;Berty Tomankowski;101.54;2022-11-27;;;
127;Hypothesis of the Stolen Painting, The (L'hypothèse du tableau volé);Drama|Mystery;149;Michel Kinnier;138.09;2023-10-23;;;
128;Happy New Year;Action|Comedy|Crime|Drama|Musical|Romance;184;Virgie Essam;79.69;2022-11-04;;;
129;Species II;Horror|Sci-Fi;233;Cassandry Kilminster;64.53;2023-04-20;;;
130;Cat o' Nine Tails, The (Gatto a nove code, Il);Mystery|Thriller;154;Jacquenetta Griswood;38.0;2023-10-14;;;
131;Adventures of Huck Finn, The;Adventure|Children|Comedy|Drama;217;Lanna Spier;59.47;2023-10-03;;;
132;Fairy, The (La fée) ;Comedy|Drama;161;Stephani Coade;41.69;2023-09-17;;;
133;Last Stop for Paul;Comedy;159;Bel Adaway;29.29;2022-11-24;;;
134;Doctor Zhivago;Drama|Romance|War;206;Melissa Beahan;63.67;2023-03-14;;;
135;The Wind in the Willows;Adventure|Animation|Children|Comedy;161;Rutger Avrashin;41.85;2022-12-10;;;
136;Schooled: The Price of College Sports ;Documentary;163;Christa Walcher;13.73;2023-02-23;;;
137;Idiots and Angels;Animation|Drama|Fantasy;120;Jordana McGarry;32.23;2023-04-22;;;
138;Damned the Day I Met You;Comedy;234;Lanette Frid;37.82;2023-05-31;;;
139;Red Dust;Drama;206;Caressa Oselton;29.27;2023-07-31;;;
140;Canon;Animation;130;Ara Featherstonhalgh;101.95;2022-12-18;;;
141;Furry Vengeance;Children|Comedy;180;Lulita Ledgister;122.25;2023-03-25;;;
142;Deep Blue;Documentary;215;Alister Kilbane;96.92;2023-04-29;;;
143;What Time Is It There? (Ni neibian jidian);Drama;178;Harman Degli Antoni;143.5;2023-02-07;;;
144;Annie;Children|Musical;223;Obediah Cutriss;147.01;2023-07-19;;;
145;Two Bits;Drama;140;Andros Bruyet;148.88;2023-10-21;;;
146;Echoes of the Rainbow (Sui yuet san tau);Comedy|Drama|Romance;189;Clyde Wills;119.69;2023-03-05;;;
147;Dance of the Dead;Adventure|Comedy|Horror;176;Ilse Cheese;44.62;2023-07-12;;;
148;Straw Dogs;Drama|Thriller;227;Meredithe Cayser;42.32;2022-12-20;;;
149;Liar, The (Valehtelija);Comedy|Drama;102;Emelia Lere;42.42;2023-04-16;;;
150;Perfume;Comedy|Drama;114;Glynnis Pauli;73.94;2022-12-23;;;
151;I, Cesar (Moi César, 10 ans 1/2, 1m39);Children|Comedy;144;Jacques Marusyak;88.19;2023-07-27;;;
152;Close My Eyes;Drama|Romance;202;Ethelyn Mephan;133.14;2023-04-20;;;
153;White on Rice;Comedy;232;Bettye Faires;127.73;2023-04-12;;;
154;Schtonk!;Comedy;237;Christal Mardell;78.46;2023-01-31;;;
155;Pocahontas;Animation|Children|Drama|Musical|Romance;232;Tracey Sheavills;36.85;2022-12-19;;;
156;Here be Dragons;Documentary;127;Northrup Hubner;55.2;2023-09-10;;;
157;Goodbye, Columbus;Comedy|Drama|Romance;134;Guenevere Greader;115.99;2023-05-06;;;
158;Two Can Play That Game;Comedy|Drama;200;Gerik Cansdell;131.77;2023-04-03;;;
159;The Mountain of the Cannibal God;Adventure|Horror;181;Marthe Lavis;66.45;2023-04-03;;;
160;We All Loved Each Other So Much (C'eravamo tanto amati);Comedy|Drama;239;Shena Cluff;124.18;2022-11-15;;;
161;Certain Kind Of Death, A;Documentary;144;Hubey Divver;54.08;2023-06-20;;;
162;Dragon Inn (Sun lung moon hak chan);Action;93;Kippy Doe;39.48;2023-06-27;;;
163;Thesis on a Homicide;Crime|Mystery|Thriller;183;Taffy Lamblot;77.43;2023-01-07;;;
164;NATO's Secret Armies (Gladio: L'esercito segreto della Nato);Documentary;115;Alessandro Pyburn;75.06;2023-08-18;;;
165;Little Richard;Drama;115;Dewey Spadoni;48.84;2023-04-04;;;
166;Tale of Ham and Passion, A (Jamón, Jamón);Comedy|Drama|Romance;202;Doug Finlan;99.44;2023-04-04;;;
167;Jim Gaffigan: Mr. Universe;Comedy;199;Ardys Clemmey;70.88;2023-10-29;;;
168;Besieged (a.k.a. L' Assedio);Drama;192;Courtnay McReedy;140.83;2023-09-26;;;
169;A Short History of Decay;Comedy;221;Isak Maude;22.54;2023-03-28;;;
170;The Legend of Sarila;Adventure|Animation|Children;193;Lusa Scola;145.02;2023-06-29;;;
171;Millionaire for Christy, A (Golden Goose) (No Room for the Groom);Comedy|Romance;159;Ardyce Nucciotti;94.35;2022-11-09;;;
172;Floundering;Comedy;194;Letisha Magister;63.4;2023-02-24;;;
173;Possession of Joel Delaney, The;Drama|Horror|Thriller;111;Bobina Chaucer;113.27;2023-05-12;;;
174;Prozac Nation;Drama;165;Irita Dracey;17.7;2023-03-26;;;
175;Curse of the Demon (Night of the Demon);Fantasy|Horror|Mystery;214;Jase Cometson;85.2;2022-11-16;;;
176;Lemon Tree;Drama;112;Berkley Diggons;67.42;2023-09-11;;;
177;Sherlock Jr.;Comedy|Fantasy|Romance;227;Wendy McLay;42.48;2023-10-29;;;
178;Angel Heart;Film-Noir|Horror|Mystery|Thriller;208;Twila Fillery;110.03;2023-08-26;;;
179;Down Periscope;Comedy;180;Arturo Bly;57.45;2023-04-28;;;
180;Kings of the Road (Im Lauf der Zeit);Drama;140;Jdavie Kiossel;81.84;2023-08-10;;;
181;Don't Look Now;Drama|Horror|Thriller;95;Amalia Masselin;86.65;2023-04-09;;;
182;Limit (Limite);Drama;175;Myrtice Shovelton;113.94;2022-11-15;;;
183;Paradise, Hawaiian Style;Comedy|Musical;122;My Jeffray;69.17;2023-05-06;;;
184;Mondovino;Documentary;218;Adair Bayless;50.78;2023-05-16;;;
185;Survival Quest;Adventure|Thriller;173;Willard Shone;27.79;2023-03-08;;;
186;Japon (a.k.a. Japan) (Japón);Drama;230;Nanine Shrubb;88.01;2023-07-02;;;
187;Human Touch;Drama;215;Gearard Stienton;148.33;2022-11-25;;;
188;Girl on the Train, The;Thriller;105;Robbin Kaszper;76.9;2023-01-11;;;
189;Flight of the Navigator;Adventure|Children|Sci-Fi;200;Elladine Buckenham;51.08;2023-01-11;;;
190;Monkey Trouble;Children|Comedy;229;Dolorita Calcutt;124.0;2023-02-20;;;
191;Charlie Chan at the Opera;Comedy|Musical|Mystery|Thriller;191;Mikkel Charlton;88.24;2023-09-18;;;
192;Rockers;Comedy|Drama|Musical;148;Harlan Pelling;33.88;2022-11-07;;;
193;Passing Strange;Documentary|Musical;110;Marc Bentke;12.05;2023-02-19;;;
194;Persona;Drama;170;Violet Poynor;37.03;2023-01-09;;;
195;Beijing Bicycle (Shiqi sui de dan che);Drama;215;Geordie Chaney;51.53;2023-01-18;;;
196;Crouching Tiger, Hidden Dragon (Wo hu cang long);Action|Drama|Romance;207;Lazaro Renfree;113.35;2023-07-25;;;
197;Talking Picture, A (Um Filme Falado);Comedy|Drama|War;121;Clay Kelberman;101.89;2023-02-08;;;
198;Ayn Rand: A Sense of Life;Documentary;192;Julee Katz;42.27;2023-02-13;;;
199;Star, The;Drama;92;Galina Dronsfield;106.62;2023-09-06;;;
200;Mighty Joe Young;Adventure|Children|Drama;116;Nickolas Werrit;102.84;2023-10-16;;;
201;Coming Apart;Drama;154;Art Lafaye;93.52;2022-11-27;;;
202;Gruffalo, The;Adventure|Animation|Children|Comedy|Drama;219;Sallee Olander;52.99;2023-08-06;;;
203;Loser Takes All, The (O hamenos ta pairnei ola);Action|Adventure|Drama;183;Fania Benzi;125.48;2023-08-31;;;
204;Souls for Sale;Comedy|Drama|Romance;126;Giles Byer;62.6;2023-06-19;;;
205;Three Steps Above Heaven (Tres metros sobre el cielo);Drama|Romance;110;Bing Dowey;88.39;2022-12-08;;;
206;Sybil;Drama;152;Lela Frank;128.51;2023-03-12;;;
207;Cosmonaut, The;Drama|Sci-Fi;191;Thelma Farherty;16.26;2023-06-04;;;
208;Bullet for a Badman (Renegade Posse);Western;164;Lark Jochens;23.69;2022-11-27;;;
209;Run of the Arrow;Western;235;Siward Speenden;72.79;2023-10-21;;;
210;Coneheads;Comedy|Sci-Fi;208;Meggi Olden;82.77;2023-10-19;;;
211;12 Dogs of Christmas, The;Children;110;Eva Vanyashkin;140.92;2023-10-06;;;
212;Robot Monster;Horror|Sci-Fi;213;Sargent Duffitt;25.41;2023-07-26;;;
213;Revolution #9;Thriller;98;Janey Snoxall;79.39;2022-12-28;;;
214;Rosso;Crime|Drama;240;Gaile Aizic;55.39;2023-05-13;;;
215;Guys and Dolls;Comedy|Musical|Romance;155;Quintus Herrema;48.06;2023-08-07;;;
216;Broken Trail;Action|Adventure|Crime|Drama|Western;114;Duncan Cereceres;14.16;2022-11-03;;;
217;Restless Souls (Bag det stille ydre);Drama|Horror|Mystery;126;Johnnie Havock;86.0;2023-08-24;;;
218;Letter, The;Drama;157;Estrellita Whitford;33.27;2023-06-29;;;
219;Craig's Wife;Drama;107;Audrey Mitchenson;142.02;2023-07-17;;;
220;Johnny Got His Gun;Drama|War;146;Georas Wilkenson;77.23;2023-09-25;;;
221;Frankie and Johnny;Comedy;180;Joni Cluley;37.55;2023-02-15;;;
222;On Our Merry Way;Comedy|Drama;186;Adelina Aldins;99.43;2023-09-10;;;
223;Lost in Beijing (Ping guo);Drama;139;Anne-marie Steele;10.39;2023-09-19;;;
224;I Am Legend;Action|Horror|Sci-Fi|Thriller|IMAX;204;Claudine Godthaab;18.98;2022-11-23;;;
225;Fullmetal Alchemist: The Sacred Star of Milos;Action|Adventure|Animation;139;Jacquenette Southcott;138.23;2022-12-29;;;
226;Resurrected, The;Horror;181;Loni Woodford;127.55;2023-06-29;;;
227;Lady Death;Action|Animation|Horror;206;Cherice Roocroft;100.76;2023-10-21;;;
228;Meet Me in St. Louis;Musical;182;Allsun Arboine;123.7;2023-06-24;;;
229;Bakery Girl of Monceau, The (La boulangère de Monceau);Romance;240;Marillin Renforth;107.06;2023-08-19;;;
230;7 Khoon Maaf;Drama|Mystery|Thriller;120;Deanne Hasson;115.94;2023-06-02;;;
231;Putney Swope;Comedy;128;Berta Corke;143.69;2022-11-14;;;
232;Trance;Crime|Thriller;156;Waneta Esslemont;136.42;2023-01-16;;;
233;The Amazing Spider-Man 2;Action|Sci-Fi|IMAX;123;Audie Jesper;93.37;2022-12-16;;;
234;Offside;Comedy|Drama;93;Richard Grigoryov;133.04;2023-01-05;;;
235;Emmett's Mark;Crime|Drama|Thriller;100;Erinn Wanek;93.1;2023-03-16;;;
236;Front Page Woman;Comedy|Romance;112;Josie Liddell;33.17;2023-02-26;;;
237;Barabbas;Adventure|Drama;210;Jacques Donaher;16.27;2023-07-25;;;
238;"""Great Performances"" Cats";Musical;203;Norene Beddis;57.58;2023-01-27;;;
239;Happily N'Ever After;Animation|Children|Comedy;97;Karoline Rudland;90.2;2023-10-01;;;
240;Effie Gray;Drama;122;Christin Tuminini;63.05;2023-02-19;;;
241;Wedding Trough (Vase de noces);Horror|Romance;143;Kalina Sanchiz;104.89;2023-02-11;;;
242;Hitler: The Rise of Evil;Drama;197;Clio Strathern;91.86;2023-07-04;;;
243;Scarface;Crime|Drama;90;Erik McLachlan;142.76;2022-12-31;;;
244;Run Sister Run!;Drama;233;Cirilo Heisham;141.29;2023-05-23;;;
245;Half Life of Timofey Berezin, The (PU-239);Drama;223;Vinnie Girardoni;38.55;2022-12-01;;;
246;Werner - Volles Rooäää;Animation|Comedy;237;Tania Footer;121.71;2023-07-02;;;
247;Harishchandrachi Factory;Comedy|Drama;128;Lucienne Wilce;95.79;2023-06-03;;;
248;I Always Wanted to Be a Gangster (J'ai toujours rêvé d'être un gangster);Comedy|Crime|Drama;164;Daffy Charleston;118.17;2023-10-23;;;
249;Finisterrae;(no genres listed);231;Andrew Whittenbury;38.49;2023-05-20;;;
250;Memphis Belle: A Story of a Flying Fortress, The;Documentary|War;128;Kathe Greenroyd;23.3;2023-06-20;;;
251;Carmen Jones;Drama|Musical;186;Suzie Kynge;108.33;2023-10-04;;;
252;Mad Miss Manton, The;Comedy|Crime|Mystery|Romance;99;Heath Faithfull;146.2;2023-08-25;;;
253;Alvin and the Chipmunks: The Squeakquel;Animation|Children|Comedy|Musical;142;Barrie Ansill;12.73;2023-05-21;;;
254;G.I. Jane;Action|Drama;144;Kellia Skough;15.48;2023-02-22;;;
255;Selma;Drama;178;Myrta Penfold;116.76;2022-11-16;;;
256;Talk Radio;Drama;97;Bearnard Casterou;104.77;2023-03-10;;;
257;Wild Orchid;Drama|Romance;153;Peyter Dury;94.46;2022-12-30;;;
258;It Happens Every Spring;Comedy|Sci-Fi;219;Alexandre McAulay;73.08;2023-04-05;;;
259;Housewarming (Travaux, on sait quand ça commence...);Comedy;206;Gerrilee Bromell;110.95;2023-05-24;;;
260;Speedway Junky;Drama;235;Lorelle Ballam;143.1;2023-06-18;;;
261;Midnight (Primeiro Dia, O);Drama;170;Birch Vernham;48.67;2023-08-07;;;
262;Pootie Tang;Comedy;168;Ralina Dmiterko;15.86;2023-08-06;;;
263;Camp Nowhere;Adventure|Children|Comedy;178;Denice Dunstone;24.17;2023-08-22;;;
264;Hot Shots! Part Deux;Action|Comedy|War;239;Luciana Llorente;41.2;2023-06-11;;;
265;S.F.W.;Drama;95;Jan Ellit;40.07;2023-09-25;;;
266;Man Who Loved Women, The;Comedy;161;Amaleta Duffrie;61.83;2023-10-25;;;
267;Warriors of Heaven and Earth (Tian di ying xiong);Action|Adventure|Drama;175;Lyndsie MacLice;72.46;2023-05-18;;;
268;Shadow Riders, The;Romance|Western;159;Martelle Stigers;17.89;2023-09-21;;;
269;Perfect Circle, The (Savrseni krug);Drama|War;101;Robin Nevins;26.64;2023-10-18;;;
270;Trouble the Water;Documentary;212;Gilemette Prevost;78.08;2022-12-20;;;
271;Big Pun: The Legacy;Documentary;117;Moritz Norrey;69.03;2023-02-09;;;
272;Berserk: The Golden Age Arc 2 - The Battle for Doldrey;Action|Animation|Fantasy;96;Artemus O'Lenane;68.49;2023-07-15;;;
273;Village People Radio Show (Apa khabar orang kampung);Documentary;215;Rosetta Busfield;134.44;2022-12-13;;;
274;Pageant;Documentary;90;Noll Hellwich;117.81;2023-04-10;;;
275;Next Karate Kid, The;Action|Children|Romance;213;Fletch Fardoe;105.8;2022-11-18;;;
276;4 Months, 3 Weeks and 2 Days (4 luni, 3 saptamâni si 2 zile);Drama;228;Cherilynn Jacobowicz;136.66;2023-03-15;;;
277;Why Does Herr R. Run Amok? (Warum läuft Herr R. Amok?);Drama;223;Marius Pirelli;81.05;2023-01-17;;;
278;Jekyll & Hyde;Horror;141;Olia Bramo;127.89;2023-05-29;;;
279;Emo Philips Live;Comedy;115;Kerrill Bamell;102.33;2023-03-28;;;
280;Killing Auntie (Zabicie ciotki);Drama|Thriller;148;Cathleen Dallon;70.75;2023-01-12;;;
281;Pineapple Express;Action|Comedy|Crime;133;Kelci Negri;100.68;2023-07-03;;;
282;Night at the Museum: Battle of the Smithsonian;Action|Comedy|IMAX;197;Jenn Dore;20.73;2022-12-08;;;
283;Survival of the Dead;Horror;233;Thibaut Dennick;40.58;2023-06-06;;;
284;Men of Respect;Crime|Drama|Thriller;186;Lorilyn Reubel;120.31;2022-12-13;;;
285;Who Framed Roger Rabbit?;Adventure|Animation|Children|Comedy|Crime|Fantasy|Mystery;217;Jeanine Gillespie;50.98;2023-10-30;;;
286;Faust;Animation|Comedy|Thriller;238;Winnie Watt;23.87;2022-12-12;;;
287;Blue Streak;Comedy;152;Valenka Cattenach;87.95;2023-01-02;;;
288;Big Hangover, The;Comedy;160;Melly O'Grady;78.24;2023-03-07;;;
289;Glass Agency, The (Ajans-E Shisheh-I);Crime|Drama|Film-Noir|Thriller;116;Genovera Payle;72.42;2023-06-18;;;
290;Men of Means;Action|Drama;174;Annamaria Riddiough;132.2;2023-03-12;;;
291;Save the Green Planet! (Jigureul jikyeora!);Comedy|Drama|Horror|Sci-Fi|Thriller;128;Care Thurborn;105.75;2023-07-04;;;
292;Dead Tired (Grosse Fatigue);Comedy;143;Eddie Balsdon;107.71;2023-06-15;;;
293;Lapland Odyssey (Napapiirin sankarit);Comedy|Drama|Romance;161;Ruttger Chastang;27.07;2023-09-25;;;
294;Oasis;Drama|Romance;105;Kyla Ottewell;44.97;2023-04-29;;;
295;Colt 38 Special Squad;Action|Crime|Drama|Thriller;228;Aristotle Darrington;139.49;2023-06-13;;;
296;Poltergeist II: The Other Side;Horror|Thriller;163;Mathilde Damper;11.75;2023-04-22;;;
297;Shadowzone;Horror|Sci-Fi;205;Nick Foot;98.53;2023-03-25;;;
298;Sinbad (Szindbád);Drama;186;Barbra Tuff;32.51;2023-04-23;;;
299;Constantine's Sword;Documentary;139;Haskell MacCulloch;49.19;2023-03-01;;;
300;Wetherby;Drama;234;Gayle Stockill;144.31;2023-09-17;;;
301;Royal Tenenbaums, The;Comedy|Drama;119;Hurley Sandercock;27.11;2023-05-27;;;
302;Shooting Gallery;Crime|Drama|Thriller;114;Pete Hacaud;100.67;2023-01-18;;;
303;Magic of Méliès, The (magie Méliès, La);Documentary;164;Otha Brisland;103.01;2022-12-20;;;
304;Trekkies 2;Documentary|Sci-Fi;143;Cordelia Lawey;54.86;2023-07-09;;;
305;Last Days, The;Documentary;91;Bryon Pearton;20.55;2023-07-12;;;
306;And the Pursuit of Happiness (La poursuite du bonheur);Documentary;125;Hieronymus Went;20.44;2023-05-28;;;
307;Camp Hell;Thriller;102;Davita Robertshaw;64.86;2023-05-28;;;
308;Best Intentions, The (Den goda viljan);Drama|Romance;197;Brander Brandts;59.7;2023-05-12;;;
309;Norte, El;Adventure|Drama;97;Sylas Wilcockes;131.71;2023-05-12;;;
310;Venus & Fleur;(no genres listed);187;Drew Heasman;25.08;2023-04-09;;;
311;Polar Express, The;Adventure|Animation|Children|Fantasy|IMAX;238;Nerta Goodfellow;121.67;2023-07-21;;;
312;Full Moon High;Comedy|Fantasy|Horror;165;Emalia Olland;79.9;2022-12-31;;;
313;Koko, a Talking Gorilla;Documentary;169;Julee Locard;135.69;2023-01-04;;;
314;Beyond The Hills;Drama;148;Ambur De Bischop;74.59;2023-09-23;;;
315;National Lampoon's Vacation;Comedy;227;Ara Gilpin;37.46;2022-11-09;;;
316;Under the Skin;Drama;95;Roger Quartley;21.58;2023-04-21;;;
317;Hindenburg, The;Drama|Thriller;149;Lillis Benedict;146.65;2023-08-24;;;
318;Othello;Drama;141;Gracie Antoszczyk;104.12;2023-10-05;;;
319;Let It Be;Documentary;137;Dorene Nunnery;65.82;2023-07-18;;;
320;Bedtime Story;Comedy;211;Dorine Alderton;106.58;2023-04-14;;;
321;Knute Rockne All American;Drama;234;Vanessa Clapham;45.54;2023-06-21;;;
322;Chorus Line, A;Comedy|Drama|Musical;155;Mychal Capp;102.31;2023-08-10;;;
323;New Best Friend;Drama|Thriller;217;Dayna Fost;143.36;2023-01-18;;;
324;Korso;Drama;130;Chrystal Secret;88.17;2023-05-05;;;
325;Far From Home: The Adventures of Yellow Dog;Adventure|Children;100;Kermy Stiant;38.88;2023-08-07;;;
326;The Living Magoroku;(no genres listed);142;Domini Muttitt;110.48;2023-01-14;;;
327;Michael Collins;Drama;147;Evin Casolla;113.11;2023-02-02;;;
328;Moment After, The;Drama|Sci-Fi|Thriller;214;Kennith Gilstoun;82.74;2023-09-16;;;
329;Lady in the Water;Drama|Fantasy|Mystery;229;Lena FitzGilbert;67.42;2022-11-17;;;
330;Ennui, L';Drama|Romance;231;Felipe Moff;129.15;2023-09-02;;;
331;Haunting in Connecticut 2: Ghosts of Georgia, The;Drama|Horror|Thriller;136;Munmro Worsnip;50.05;2023-06-06;;;
332;So Long Letty;Comedy|Musical;156;Ellen Mandrake;48.83;2023-05-19;;;
333;Seventh Brother, The (A hetedik testvér);Animation|Children;132;Milo Vasyutkin;102.53;2023-05-17;;;
334;Udaan;Drama;200;Oliver Rawsthorne;119.85;2023-02-06;;;
335;Someone's Watching Me!;Horror|Mystery|Thriller;126;Allsun Wickliffe;30.81;2023-06-03;;;
336;Mystic Masseur, The;Drama;213;Mattie Mallock;94.94;2023-03-05;;;
337;Shivers (They Came from Within);Drama|Horror|Sci-Fi;126;Shirline Connors;10.99;2022-11-27;;;
338;Porgy and Bess;Drama|Musical|Romance;99;Rebecka Elstob;14.8;2023-09-08;;;
339;Foolish Wives;Drama;235;Elora Adenot;126.55;2023-08-26;;;
340;Doc Hollywood;Comedy|Romance;174;Gardiner Littledike;16.03;2022-11-25;;;
341;Curse of Frankenstein, The;Horror;213;Dani Jacob;36.14;2023-11-01;;;
342;John Wick;Action|Thriller;145;Camella Celloni;145.8;2023-09-27;;;
343;Thunder Bay;Adventure;128;Allyce Sille;49.66;2023-06-27;;;
344;Cheech & Chong: Still Smokin';Comedy;227;Mateo Yurocjkin;145.35;2023-10-08;;;
345;L'enfance nue (Naked Childhood);Drama;119;Ford Phythian;149.2;2023-08-03;;;
346;Paris Was a Woman;Documentary;200;Cary Lewnden;37.53;2023-05-01;;;
347;Cat's Eye;Horror;196;Cy Campes;138.38;2022-11-15;;;
348;Stand by Me;Adventure|Drama;157;Maisey Ewings;86.45;2023-05-08;;;
349;Krakatoa: The Last Days;Documentary|Drama;176;Claire Okey;65.43;2022-12-22;;;
350;Lady Killer;Drama|Romance|War;164;Lianna Partkya;31.07;2023-10-11;;;
351;Special Bulletin;Drama;155;Mirilla Binny;70.0;2023-01-19;;;
352;That's Life;Comedy;226;Fidelia Henrichs;132.74;2023-08-19;;;
353;Any Given Sunday;Drama;117;Freedman Gledhill;39.41;2023-09-30;;;
354;13 Ghosts;Horror;199;Sascha Harlick;140.22;2023-03-29;;;
355;Miser, The (L'avare);Comedy;125;Dorine Sollom;103.92;2023-10-26;;;
356;Window, The;Drama|Film-Noir|Thriller;164;Carolina Craw;46.47;2023-01-17;;;
357;Mr. Nobody;Drama|Fantasy|Romance|Sci-Fi;145;Vittoria Hambatch;110.25;2023-06-24;;;
358;Lean on Me;Drama;91;Rozanne Leglise;39.34;2023-05-09;;;
359;Fair Game;Action;176;Dew Weyman;62.95;2023-04-09;;;
360;Species II;Horror|Sci-Fi;215;Danie Aberkirder;72.98;2023-04-09;;;
361;Ready to Wear (Pret-A-Porter);Comedy;110;Lusa Heartfield;95.52;2023-05-06;;;
362;Exit Through the Gift Shop;Comedy|Documentary;208;Elfrieda Filippone;40.86;2023-06-22;;;
363;What the Day Owes the Night;Drama|Romance;194;Gisele Oldroyd;12.31;2023-02-20;;;
364;Peaceful Warrior;Drama;124;Francesco Casham;102.84;2022-12-17;;;
365;Tyler Perry's Madea's Witness Protection;Comedy;223;Christy Snel;138.41;2023-04-14;;;
366;Road Trip;Comedy;153;Eustace Prop;47.78;2023-04-23;;;
367;Sea of Grass, The;Drama|Western;232;Arvie Mordue;132.92;2022-11-19;;;
368;Eden Lake;Horror|Thriller;146;Udall Beaves;56.44;2023-02-15;;;
369;Shout, The;Drama|Horror;121;Gilbertine Denidge;60.86;2023-03-15;;;
370;We and the I, The;Drama;218;Billie Rother;37.03;2023-10-14;;;
371;God Bless Ozzy Osbourne;Documentary;112;Gretel Wrennall;12.31;2023-01-04;;;
372;Go Now;Drama;135;Wenona Caveau;52.91;2023-05-27;;;
373;Sons of Katie Elder;Western;190;Nels Robeson;72.22;2022-11-28;;;
374;Ballou;Documentary|Musical;153;Jule Lewsley;147.61;2023-03-28;;;
375;Dark Habits (Entre tinieblas);Comedy|Drama;229;Liane Fewings;133.03;2023-06-16;;;
376;Monsterman (Monsterimies);Documentary|Drama;173;Cobb Sackey;36.72;2023-01-22;;;
377;Viva Zapata!;Western;169;Katee Paulucci;104.6;2022-12-10;;;
378;Venus Boyz;Documentary;227;Dollie Fermoy;131.06;2023-06-19;;;
379;Alfie;Comedy|Drama|Romance;166;Ilise Ambrosio;76.57;2023-10-18;;;
380;Hand, The;Drama|Horror;92;Arin Purcer;104.89;2023-07-19;;;
381;Carne;Drama|Thriller;220;Ami Cregeen;82.61;2023-10-13;;;
382;Paris;Documentary;221;Geri Ewins;133.51;2023-03-13;;;
383;Cinderella III: A Twist in Time;Animation|Children|Fantasy|Romance;187;Berty Reichert;101.89;2023-02-12;;;
384;Breathless (À bout de souffle);Crime|Drama|Romance;198;Forbes Heyns;146.55;2022-11-17;;;
385;Wedding Night, The;Drama|Romance;234;Gerik Gotthard;145.39;2023-01-01;;;
386;Love with the Proper Stranger;Comedy|Drama|Romance;168;Malory Manna;94.73;2023-05-20;;;
387;Sex and the City;Comedy|Romance;144;Rhodie Stodhart;116.58;2023-10-14;;;
388;Kenny;Comedy;109;Edi Empleton;18.73;2023-01-16;;;
389;Man with One Red Shoe, The;Comedy|Thriller;195;Wallie Brett;70.62;2023-10-21;;;
390;Ecstasy in Entropy;(no genres listed);223;Colas Cowen;116.38;2023-06-04;;;
391;Tartuffe (Herr Tartüff);Drama;168;Lorelle Gleeton;97.18;2023-07-29;;;
392;Acid House, The;Comedy|Drama;99;Jori Duplock;28.96;2023-06-28;;;
393;Black Scorpion, The;Sci-Fi;98;Barth MacEvilly;101.6;2023-09-18;;;
394;Rambling Rose;Drama;168;Karon Milby;49.81;2023-08-07;;;
395;Nekromantik;Comedy|Horror;159;Corrie Warricker;91.69;2023-06-09;;;
396;Place Vendôme;Crime|Drama;184;Madelaine Bernat;69.75;2023-02-03;;;
397;Harvey Girls, The;Comedy|Musical|Western;137;Kendall M'Quhan;125.51;2023-03-25;;;
398;Bullfighters, The;Comedy|Musical;223;Ky Murra;133.21;2023-04-23;;;
399;Home;Documentary;207;Eula Gabbotts;53.88;2023-01-10;;;
400;Nine to Five (a.k.a. 9 to 5);Comedy|Crime;99;Skip Bosnell;114.84;2023-01-23;;;
401;Solomon Northup's Odyssey;(no genres listed);117;Bird McAuliffe;148.13;2023-01-17;;;
402;Battle of Shaker Heights, The;Comedy|Drama|Romance;215;Odille Lindberg;94.91;2023-09-28;;;
403;Edvard Munch;Drama;203;Aluino Burdis;86.57;2022-11-13;;;
404;Howards of Virginia, The;Drama|War;221;Crosby McGougan;59.62;2023-08-13;;;
405;Love's Enduring Promise;Drama|Romance;106;Cecile Stone;92.14;2023-05-16;;;
406;When a Stranger Calls;Horror|Thriller;201;Ruy Tincknell;137.48;2023-07-17;;;
407;Battlestar Galactica: The Plan;Action|Adventure|Drama|Sci-Fi;148;Blair Cardenas;113.67;2023-01-10;;;
408;Direct Action;Action|Crime|Thriller;205;Lara Hellewell;37.06;2023-09-04;;;
409;Lan Yu;Drama|Romance;130;Miof mela Culverhouse;129.23;2022-11-28;;;
410;Children of Leningradsky, The;Documentary;127;Raven Mountney;100.46;2023-06-26;;;
411;Roads to Koktebel (Koktebel);Drama|Romance;171;Corliss Knowler;62.4;2023-03-29;;;
412;Safe;Thriller;228;Hewett Dorrell;81.41;2023-04-30;;;
413;Ned Kelly;Drama;134;Zonnya Sheards;95.74;2023-08-11;;;
414;Plastic Paradise: The Great Pacific Garbage Patch;Documentary;104;Janella Hanbury-Brown;135.8;2023-10-27;;;
415;Christmas Carol, A (Scrooge);Drama|Fantasy;147;Jane Wedgwood;88.74;2023-09-01;;;
416;Death and Cremation;Thriller;192;Del Le Fevre;90.5;2023-10-21;;;
417;Simple Simon (I rymden finns inga känslor);Comedy|Drama;152;Vanda Brignall;120.26;2023-03-30;;;
418;Affair of the Heart, An;Documentary;148;Ellie Pimlock;34.48;2023-04-10;;;
419;Of Love and Shadows;Drama;199;Alica Craik;49.06;2022-11-17;;;
420;Dr. Goldfoot and the Girl Bombs (Le spie vengono dal semifreddo);Comedy|Sci-Fi;207;Whitby Shorte;40.89;2023-07-16;;;
421;Stomp the Yard;Drama|Musical;128;Brent Ingledow;32.01;2023-08-20;;;
422;Courage of the Eagles, The (Les aiguilles rouges);Drama;141;Jenica Trubshawe;98.84;2023-09-22;;;
423;Remote Control;Comedy|Drama;196;Adelina Simper;98.17;2023-03-31;;;
424;Navy Seals;Action|Adventure|War;180;Tait Moggach;58.63;2023-07-03;;;
425;Hong Kong Confidential (Amaya);Drama;222;Kienan Menel;98.41;2023-08-27;;;
426;Standing in the Shadows of Motown;Documentary|Musical;127;Andrea Farrent;13.6;2023-02-17;;;
427;Lost Reels of Pancho Villa, The (Los rollos perdidos de Pancho Villa);Documentary;238;Merna Fattori;114.4;2023-04-25;;;
428;Our Little Girl;Comedy|Drama|Romance;189;Adolpho Nisard;127.94;2023-02-08;;;
429;Man of Her Dreams (a.k.a. The Fiancé);Drama;139;Ileane Blanc;45.23;2023-04-02;;;
430;Beverly Hillbillies, The;Comedy;240;Drusy Benbrick;139.84;2022-11-06;;;
431;Inn of Evil (Inochi bô ni furô);Crime|Drama;220;Katherine Wigglesworth;104.57;2023-09-16;;;
432;Black Rain;Action|Crime|Drama;200;Tedie Wheeler;146.93;2023-10-04;;;
433;Sweeney, The;Action|Crime;141;Lewie Coburn;53.97;2023-09-14;;;
434;BloodRayne;Action|Fantasy;129;Nannie Mapletoft;62.34;2023-03-23;;;
435;Quiet American, The;Drama|Romance|Thriller|War;103;Andros Wichard;123.49;2023-06-11;;;
436;Illusionist, The (L'illusionniste);Animation;156;Tandy Winram;116.8;2023-09-04;;;
437;Gory Gory Hallelujah;Comedy|Fantasy|Horror;237;Kym Caplan;136.56;2023-06-20;;;
438;Collection, The;Action|Horror|Thriller;140;Killian Coulthard;60.6;2023-07-15;;;
439;Dinosaur;Adventure|Animation|Children;125;Elvyn McAughtrie;37.04;2023-05-10;;;
440;Slumber Party '57;(no genres listed);211;Chuck Kleynermans;37.04;2023-01-22;;;
441;Father Hood;Comedy;235;Edyth Danilchenko;143.67;2023-09-15;;;
442;Not My Type;Comedy|Romance;159;Pattin Bachura;71.82;2023-02-22;;;
443;Personal Velocity;Drama;154;Clemente Menezes;52.96;2023-03-30;;;
444;They Call Me Mister Tibbs!;Crime|Drama|Mystery;126;Crystal Seiler;50.09;2023-04-28;;;
445;Take the Money and Run;Comedy|Crime;93;Dita Ghidotti;95.86;2023-07-18;;;
446;Crime Busters;Action|Adventure|Comedy|Crime;161;Skyler Voss;19.55;2023-03-04;;;
447;Lady, The;Drama;132;Maximilian Pople;28.84;2023-07-26;;;
448;M. Hulot’s Holiday (Mr. Hulot's Holiday) (Vacances de Monsieur Hulot, Les);Comedy;150;Yankee Gorusso;117.38;2023-06-15;;;
449;Clifford's Really Big Movie;Animation|Children;112;Esmaria Antwis;139.62;2022-12-08;;;
450;Jewel Robbery;Comedy|Crime|Romance;231;Ricki Olding;65.54;2023-02-01;;;
451;Better Life, A;Drama;100;Beitris Brim;49.62;2023-06-13;;;
452;WolfCop;Comedy|Horror;185;Artair Lowrey;53.83;2022-11-12;;;
453;Gumshoe;Comedy|Crime|Drama|Mystery;151;Emmy Holbury;92.71;2023-06-28;;;
454;Fortress;Action|Sci-Fi;232;Gaven Roust;137.43;2023-01-29;;;
455;Homicide;Crime|Drama|Thriller;165;Tabatha Guiett;74.2;2023-07-11;;;
456;Bridget Jones: The Edge of Reason;Comedy|Drama|Romance;202;Vaughan Orrill;119.54;2023-03-24;;;
457;Sparrows Dance;Drama|Romance;114;Lizbeth Wyson;125.32;2023-05-05;;;
458;Breaking and Entering;Comedy|Documentary;116;Cordelie Sire;83.34;2023-04-23;;;
459;Portrait of Maria (María Candelaria (Xochimilco));Drama|Romance;148;Jocelyn Gribben;90.17;2023-01-30;;;
460;Scatter My Ashes at Bergdorf's;Documentary;173;Harcourt Kevlin;88.58;2023-07-11;;;
461;Justice League: Doom ;Action|Animation|Fantasy;169;Stefan Ballingal;84.42;2023-01-04;;;
462;Sugar & Spice;Comedy;109;Conni Broggelli;76.58;2023-05-30;;;
463;Private Affairs of Bel Ami, The;Drama;171;Jammal Fulk;104.05;2023-03-27;;;
464;W.E.;Drama|Romance;196;Josee Mandrey;136.75;2022-11-15;;;
465;Witness for the Prosecution;Drama|Mystery|Thriller;106;Germana Salandino;75.93;2023-07-06;;;
466;The Mask You Live In;Documentary;123;Oran Pepin;121.32;2023-05-04;;;
467;Wilderness;Horror|Thriller;162;Shawn Wyper;59.31;2023-08-29;;;
468;Evangelion: 1.0 You Are (Not) Alone (Evangerion shin gekijôban: Jo);Action|Animation|Sci-Fi;164;Fitz Poynser;135.0;2023-01-11;;;
469;Another Gay Movie;Comedy;225;Leandra Plessing;126.7;2023-10-26;;;
470;Pandorum;Horror|Sci-Fi|Thriller;97;Corabella Wort;87.76;2023-05-31;;;
471;Thesis on a Homicide;Crime|Mystery|Thriller;162;Linus Selbach;121.77;2022-12-21;;;
472;Tao of Steve, The;Comedy;112;Thatch Osmond;27.99;2023-06-16;;;
473;Terminal Velocity;Action|Mystery|Thriller;159;Bryn Thorby;148.22;2023-01-25;;;
474;Ghost Son;Drama|Horror|Mystery|Thriller;225;Binnie Heak;129.2;2022-12-02;;;
475;Nocturna Artificialia;Animation;144;Leslie Butt;131.7;2023-08-14;;;
476;Intimacy;Drama;234;Berne Jakubovics;31.37;2022-11-11;;;
477;Säg att du älskar mig;Drama;233;Dinah Budcock;56.6;2023-10-19;;;
478;Alice in Murderland;Horror|Thriller;165;Shaina Halse;96.02;2022-12-28;;;
479;Teen Witch;Comedy;150;Bogey Summerlie;72.65;2023-05-19;;;
480;Moth, The (Cma);Drama;196;Amelina Matus;116.92;2023-01-14;;;
481;Cat in the Hat, The;Animation|Children;215;Gillian Glencross;38.34;2023-05-18;;;
482;Haunted House;(no genres listed);97;Joela Steere;33.19;2023-06-08;;;
483;Why We Fight;Documentary;180;Jonah Broschek;20.81;2023-05-20;;;
484;Salaam Cinema;Comedy|Documentary|Drama;182;Bertie Sanz;75.0;2023-02-07;;;
485;Jimmy and Judy;Crime|Drama|Thriller;164;Sydney Scholl;35.42;2022-12-27;;;
486;Spiders, Part 2: The Diamond Ship, The (Die Spinnen, 2. Teil - Das Brillantenschiff);Action|Adventure|Drama;141;Evelyn Ovington;40.97;2022-11-16;;;
487;Spread;Drama|Romance;208;Genvieve Brotherheed;147.96;2023-06-14;;;
488;Abbott and Costello in Hollywood;Comedy;121;Dody Pietesch;93.25;2023-01-13;;;
489;Dirty Ho (Lan tou He);Action|Drama;223;Beau Percy;106.54;2023-07-13;;;
490;8: The Mormon Proposition;Documentary;114;Beatrice Roberds;138.44;2023-08-22;;;
491;Gamera vs. Gyaos (Daikaijû kûchûsen: Gamera tai Gyaosu);Action|Horror|Sci-Fi;238;Langsdon Bullier;135.27;2023-05-02;;;
492;Let's Not Keep in Touch!;Comedy;230;Lauryn Denzilow;31.81;2023-01-13;;;
493;Creator;Comedy|Drama|Romance;107;Lea Fernant;15.24;2023-09-07;;;
494;Illusion Of Blood;Fantasy|Horror;105;Lolita Denidge;47.97;2023-03-21;;;
495;We Can Be Heroes;(no genres listed);112;Filia Midner;31.49;2023-03-15;;;
496;Messenger of Death;Thriller;203;Maris Le Barre;118.38;2023-02-10;;;
497;Elektra Luxx;Comedy;113;Allin Brant;117.17;2023-08-08;;;
498;Phyllis and Harold;Documentary;239;Terrijo Overal;21.25;2023-01-12;;;
499;Gigantic (A Tale of Two Johns);Documentary;194;Georg Swannell;46.34;2023-03-05;;;
500;Underworld;Action|Fantasy|Horror;209;Murdoch Skally;139.29;2023-10-20;;;
501;Rainy Dog (Gokudô kuroshakai);Crime|Drama;105;Dannel Aucock;90.33;2023-04-11;;;
502;Along Came Jones;Comedy|Romance|Western;143;Kendall Mussared;92.06;2023-10-05;;;
503;Mean Creek;Drama|Thriller;156;Lukas Shalloo;17.1;2023-02-22;;;
504;DEFCON: The Documentary;Documentary;125;Malina Wedlake;73.39;2022-12-14;;;
505;Band's Visit, The (Bikur Ha-Tizmoret);Comedy|Drama;237;Laure Manhare;135.92;2022-12-20;;;
506;Oh, Sun (Soleil O);Drama;120;Ariana Linnock;59.75;2023-07-15;;;
507;Prince and the Showgirl, The;Comedy|Romance;110;Peder Fealty;11.8;2023-06-05;;;
508;Bird People;Drama|Fantasy|Romance;121;Wilhelm Yakebovich;77.53;2023-10-01;;;
509;Lake House, The;Drama|Fantasy|Romance;123;Thea Forde;73.57;2023-10-23;;;
510;Eye of the Beholder;Thriller;104;Anna-diana Wintle;32.25;2023-08-02;;;
511;Long Way Down, A;Comedy|Drama;224;Bucky Legge;110.14;2023-04-27;;;
512;Fistful of Dollars, A (Per un pugno di dollari);Action|Western;135;Yevette enzley;127.2;2023-10-21;;;
513;Godzilla vs. Destroyah (Gojira vs. Desutoroiâ) ;Action|Sci-Fi;179;Gardiner Smail;40.22;2023-02-27;;;
514;'burbs, The;Comedy;120;Dorris Kmiec;94.67;2022-11-15;;;
515;Rocky Saga: Going the Distance, The;Documentary;236;Agnesse Kaplan;72.64;2023-01-09;;;
516;War and Peace (Jang Aur Aman);Documentary|War;170;Aida Snozzwell;100.89;2023-10-24;;;
517;Queen Christina;Drama|Romance;183;Merrily Guyan;129.51;2023-03-22;;;
518;Quiet Flows the Don (Tikhiy Don);Drama|War;185;Nestor Tadgell;135.92;2023-04-08;;;
519;Malèna;Drama|Romance|War;217;Shirlee Cadreman;121.66;2023-07-21;;;
520;Forty-first, The (Sorok pervyy);Drama|Romance|War;163;Shina Schleswig-Holstein;145.28;2023-08-15;;;
521;Hits;(no genres listed);170;Gretchen Remmer;94.2;2022-11-11;;;
522;New York Ripper, The (Squartatore di New York, Lo);Crime|Horror|Mystery|Thriller;186;Hollyanne Pamplin;27.47;2023-05-19;;;
523;Winnetou: The Red Gentleman;Adventure|Western;185;Randell Spain;138.45;2023-02-12;;;
524;Pokémon the Movie: White - Victini and Zekrom;Animation;100;Shermie Brunnstein;110.21;2023-04-17;;;
525;Mother's Courage: Talking Back to Autism, A;Documentary;98;Cristen Corteney;17.88;2023-04-04;;;
526;Real Women Have Curves;Comedy|Drama;166;Walton Ginner;82.11;2023-08-09;;;
527;Drones;Comedy|Sci-Fi;154;Englebert Blades;83.17;2023-01-07;;;
528;Girl Can't Help It, The;Comedy;167;Delaney Gerlts;47.31;2023-01-21;;;
529;Almost an Angel;Comedy;227;Salvidor Drewett;59.63;2023-04-04;;;
530;Questo piccolo grande amore;Comedy|Romance;176;Sammy Barthelme;23.9;2023-03-20;;;
531;Soldier's Daughter Never Cries, A;Drama;200;Pamela Lomas;90.34;2023-03-26;;;
532;Tied;Drama;190;Donovan Krugmann;133.02;2022-11-07;;;
533;Pixar Story, The;Documentary;178;Biddie Durning;85.14;2023-01-11;;;
534;The Improv: 50 Years Behind the Brick Wall;Comedy|Documentary;140;Dominica Schultze;148.68;2023-08-24;;;
535;Gleaming the Cube;Action|Drama|Mystery;191;Zebadiah Mustoe;83.39;2023-05-05;;;
536;A mí las mujeres ni fu ni fa;Comedy|Musical;105;Tremaine Baggett;134.93;2023-05-24;;;
537;Good Burger;Children|Comedy;119;Mellicent Tatersale;27.09;2023-07-23;;;
538;Late Autumn (Akibiyori);Comedy|Drama;104;Anastassia Timmis;47.62;2023-10-14;;;
539;Dead Man and Being Happy, The (El muerto y ser feliz);Drama;172;Ginnie Frotton;113.96;2023-05-05;;;
540;Prey for Rock & Roll;Drama|Musical;205;Catherine Lamborn;19.81;2023-01-22;;;
541;Chipmunk Adventure, The;Adventure|Animation|Children|Comedy|Fantasy|Musical;236;Glenine Bodicum;101.4;2023-08-04;;;
542;The Well;Drama|Film-Noir|Thriller;153;Giselle Hatrey;73.8;2023-02-11;;;
543;Into the Blue 2: The Reef;Action|Adventure|Thriller;182;Jeth Guirardin;49.35;2023-04-04;;;
544;Painted Skin;Action|Drama|Thriller;226;Robina Piaggia;139.36;2022-12-15;;;
545;High, Wide, and Handsome;Musical|Western;164;Lanie Redit;28.53;2023-10-27;;;
546;Girls Gone Dead;Comedy|Horror;238;Waneta Babar;67.39;2023-01-01;;;
547;American Ninja 5;Action;169;Maurise Dowber;111.66;2023-03-03;;;
548;Cencoroll;Action|Animation|Sci-Fi;92;Marylynne Haswell;84.56;2022-11-03;;;
549;Heist;Crime|Drama;227;Homere Eringey;19.44;2022-11-30;;;
550;Alabama Moon;Adventure|Children|Drama;143;Rickard Wych;85.17;2023-08-06;;;
551;Casualties of War;Drama|War;164;Kelly Lighten;79.15;2023-04-22;;;
552;Four Ways Out;Crime|Drama;163;Rebbecca Kollas;42.6;2023-10-10;;;
553;Model Shop;Drama;235;Michele Lethlay;104.95;2023-02-27;;;
554;Paradise Now;Crime|Drama|Thriller|War;234;Cesya Shimwell;133.61;2023-03-18;;;
555;Resident Evil: Damnation;Action|Animation|Horror;133;Immanuel Thomtson;112.13;2023-09-15;;;
556;Shades of Ray;Comedy|Drama|Romance;152;Karilynn Cambell;114.78;2022-12-19;;;
557;How to Be a Man;Comedy;116;Pennie Sweatman;79.38;2023-08-24;;;
558;Lone Wolf and Cub: Baby Cart to Hades (Kozure Ôkami: Shinikazeni mukau ubaguruma);Action|Drama;161;Shayna Grasner;35.29;2023-08-15;;;
559;Letter, The;Drama|Film-Noir;190;Christy Spurrier;36.15;2023-03-27;;;
560;Omega Man, The;Action|Drama|Sci-Fi|Thriller;236;Ewell Malyon;126.76;2023-06-27;;;
561;Sugar Town;Comedy;104;Lynnet Dik;11.86;2023-02-21;;;
562;BookWars;Comedy|Crime|Documentary;163;Ardith Colter;73.86;2023-10-04;;;
563;Dadetown;Drama;105;Marmaduke Abrahamson;70.3;2023-07-14;;;
564;Garage, The;Comedy;141;Bonnibelle Tweddell;144.4;2023-06-19;;;
565;Back from Eternity;Drama;148;Karyl Hackinge;118.19;2023-06-26;;;
566;I, Cesar (Moi César, 10 ans 1/2, 1m39);Children|Comedy;103;Norine Caines;46.35;2023-10-07;;;
567;Vulgar;Drama;216;Lenci Harbidge;80.41;2023-06-18;;;
568;Armstrong Lie, The;Documentary;158;Colver Waight;137.13;2023-09-15;;;
569;Presenting Lily Mars;Comedy|Musical|Romance;138;Carree Fallowfield;86.54;2023-11-02;;;
570;Hidden Blade, The (Kakushi ken oni no tsume);Action|Drama|Romance;127;Merrile Jorgensen;101.02;2023-04-20;;;
571;Nightmare on Elm Street 3: Dream Warriors, A;Horror|Thriller;96;Olly Knight;14.42;2023-04-10;;;
572;Daylight;Horror|Thriller;233;Diane-marie Tossell;95.32;2023-08-06;;;
573;Only God Forgives;Drama|Thriller;185;Carlynn Clendening;101.29;2022-11-16;;;
574;Furry Vengeance;Children|Comedy;225;Gerta Buske;134.21;2023-03-09;;;
575;Cat on a Hot Tin Roof;Drama;103;Ardis McPhater;66.57;2023-07-17;;;
576;Late Spring (Banshun);Drama;208;Sutton Campaigne;101.68;2023-06-20;;;
577;貞子3D;Horror;161;Waylon Saunders;104.25;2023-01-24;;;
578;God Save the King;Comedy|Drama|Romance;165;Findley McGebenay;148.48;2023-01-30;;;
579;Ratcatcher;Drama;206;Carole Bonellie;135.67;2023-10-05;;;
580;Faces of Death 2;Documentary|Horror;171;Dag Elderton;101.91;2023-06-15;;;
581;Class Action;Drama;157;Juliane Raffin;84.51;2023-09-21;;;
582;OSS 117 - Lost in Rio (OSS 117: Rio ne répond plus);Adventure|Comedy;175;Cecile Clitherow;32.63;2023-01-28;;;
583;Few of Us;Drama;159;Shermy Daleman;138.65;2023-02-17;;;
584;Make Believe;Documentary;129;Casey Phillipps;24.28;2023-04-17;;;
585;Now, Voyager;Drama|Romance;208;Allison MacGorman;144.02;2023-02-03;;;
586;Shadow of the Vampire;Drama|Horror;195;Ferrel Grzeskowski;111.19;2023-05-10;;;
587;Golem;Drama|Mystery|Sci-Fi;144;Lindsay Brambill;27.87;2023-04-27;;;
588;She;Action|Adventure|Drama|Fantasy|Horror|Romance|Sci-Fi;96;Patrick Nuccitelli;115.24;2023-06-21;;;
589;Rookie, The;Drama;116;Brynna Hobbema;146.83;2023-01-31;;;
590;In Old Chicago;Action|Drama|Musical|War;195;Thorin Cuer;64.22;2023-05-22;;;
591;Nightbreed;Fantasy|Horror;142;Karry Jirek;50.1;2023-05-26;;;
592;Casanova Brown;Comedy;214;Mattie Bailie;85.41;2023-04-12;;;
593;My Awkward Sexual Adventure;Comedy;145;Kippy Goodband;62.4;2023-06-21;;;
594;Misfits, The;Comedy|Drama|Romance|Western;237;Rickie Starkey;124.23;2022-11-10;;;
595;Hôtel des Invalides;Documentary;108;Terese Dundendale;134.16;2023-05-27;;;
596;Moonfleet;Adventure|Drama;123;Hagen Pankethman;137.36;2023-02-18;;;
597;Radio;Drama;171;Bethena Humphrys;77.46;2023-02-01;;;
598;Gett: The Trial of Viviane Amsalem;Drama;146;Abramo Maldin;101.33;2023-03-03;;;
599;Rollo and the Woods Sprite (Rölli ja metsänhenki);Children|Fantasy;130;Timi Forbes;137.9;2023-01-03;;;
600;Wedding Belles;Comedy|Drama;176;Wendeline Madgwick;88.91;2023-05-05;;;
601;Beautiful Creatures;Drama|Fantasy|Romance;173;Lani Luther;149.26;2023-03-18;;;
602;John Carter;Action|Adventure|Sci-Fi|IMAX;101;Eugenie Hintzer;126.14;2023-09-02;;;
603;Return of the Magnificent Seven, The (a.k.a. Return of the Seven);Western;97;Kristos Dyson;134.47;2023-02-28;;;
604;Champion, The;Comedy;113;Danila Abbison;142.96;2023-04-03;;;
605;Children of the Corn II: The Final Sacrifice;Horror;206;Marys Brounfield;90.14;2023-03-05;;;
606;Enemy of the People, An;Drama;141;Roma Whitley;32.85;2023-05-21;;;
607;Alarmist, The (a.k.a. Life During Wartime);Comedy;218;Mildrid Bricklebank;21.14;2022-12-12;;;
608;Young and Prodigious T.S. Spivet, The (L'extravagant voyage du jeune et prodigieux T.S. Spivet);Adventure|Children|Drama;223;Lief Swindell;56.1;2023-05-10;;;
609;Repo Men;Action|Sci-Fi|Thriller;236;Brittne Tunsley;36.77;2023-01-28;;;
610;Rage in Heaven;Drama|Thriller;195;Rina Treffry;39.16;2023-02-21;;;
611;Beach Boys: An American Family, The;Documentary|Drama;136;Verla Ratcliffe;129.29;2023-09-24;;;
612;Before and After;Drama|Mystery;142;Olly Mapledoram;132.08;2023-01-16;;;
613;Blackwoods;Drama|Thriller;123;Shauna Babinski;14.18;2023-06-10;;;
614;War of the Dead - Stone's War ;Action|Adventure|Horror|Sci-Fi|Thriller|War;110;Donnie Mylchreest;85.74;2023-02-26;;;
615;Restless;Drama;122;Lynda Shiliton;45.69;2023-10-04;;;
616;Bedazzled;Comedy;140;Martie Dacre;116.56;2023-06-02;;;
617;Diamonds;Mystery;126;Leslie Yesson;112.59;2023-03-19;;;
618;7 Faces of Dr. Lao;Fantasy|Mystery|Western;176;Belia MacGaughy;13.32;2023-06-26;;;
619;Quiet City;Drama;225;Sue Janikowski;61.3;2023-06-15;;;
620;I Am;Documentary;145;Lyndsie Brockway;133.07;2023-08-29;;;
621;Moonraker;Action|Adventure|Sci-Fi|Thriller;95;Zack Blissett;29.77;2023-02-26;;;
622;Skeleton Man;Action|Horror;206;Marjy Washbrook;142.32;2022-11-15;;;
623;Life is a Bed of Roses (Vie est un roman, La);Fantasy|Musical;180;Masha Castagnaro;77.65;2022-11-03;;;
624;TerrorVision;Comedy|Horror|Sci-Fi;225;Claudetta Comins;94.22;2023-06-29;;;
625;Wild Tales;Comedy|Drama|Thriller;180;Elizabeth Mullett;87.74;2023-02-12;;;
626;Puccini for Beginners;Comedy|Romance;175;Wendell Albisser;39.82;2023-06-23;;;
627;Kick-Ass;Action|Comedy;212;Kizzie Brendel;59.6;2022-11-08;;;
628;Ghostmaker, The (Box of Shadows);Horror|Sci-Fi|Thriller;131;Chloe Francescuzzi;55.85;2023-03-05;;;
629;Clifford;Comedy;92;Annamarie Escoffrey;31.2;2023-01-18;;;
630;Story of Luke, The;Comedy|Drama;213;Laney Parlor;80.43;2023-02-28;;;
631;Evil - In the Time of Heroes (To kako - Stin epohi ton iroon);Adventure|Comedy|Horror;100;Mabel Colin;61.04;2023-05-21;;;
632;Small Wonders;Documentary;230;Jessi Hemstead;111.77;2023-07-30;;;
633;Girl from Monaco, The (fille de Monaco, La);Comedy|Drama;200;Hal Estcourt;147.49;2022-12-28;;;
634;Romeo and Juliet;Drama|Romance;101;Pincus Benitez;107.18;2023-04-23;;;
635;They Live;Action|Sci-Fi|Thriller;187;Cecelia Beynon;99.64;2023-03-11;;;
636;All the Colors of the Dark;Horror|Mystery|Thriller;148;Syman Whickman;13.14;2023-10-24;;;
637;Vital Signs;Drama;214;Eleanora Torresi;143.57;2022-12-23;;;
638;Game of Death;Action;119;Tamarah Gwillym;52.02;2023-10-12;;;
639;Jabberwocky;Adventure|Comedy|Fantasy;199;Brose Gowers;38.45;2023-03-24;;;
640;We'll Never Have Paris;Comedy|Romance;116;Perry Kleinberer;20.63;2023-08-17;;;
641;Vice;Action|Adventure|Sci-Fi|Thriller;225;Sophey Sawbridge;88.16;2023-01-03;;;
642;Authors Anonymous;Comedy|Drama|Romance;218;Sibbie Coling;32.02;2023-09-28;;;
643;Never Been Kissed;Comedy|Romance;186;Gerard Dennehy;13.47;2022-11-24;;;
644;Oak, The (Balanta);Comedy|Drama;215;Bruno Adey;81.53;2023-08-22;;;
645;Me tulemme taas;Comedy|Musical;118;Francis Janoschek;146.83;2022-11-15;;;
646;We Need a Vacation (Fais-moi des vacances);Comedy|Drama;217;Emelia Mallord;108.39;2023-06-28;;;
647;New Waterford Girl;Comedy;182;Elia Ellyatt;147.65;2023-02-02;;;
648;Virgin Territory;Adventure|Comedy|Romance;203;Sanson Ketteridge;131.73;2023-09-09;;;
649;Cool School, The;Documentary;238;Sibeal Cayle;135.04;2023-02-08;;;
650;I'll Be Home For Christmas;Comedy|Romance;115;Barnebas Kynoch;126.78;2023-10-02;;;
651;Clown;Drama|Horror;207;Merridie Cotsford;39.31;2023-10-09;;;
652;In a Dark Place;Horror|Mystery|Thriller;160;Wallis Birden;144.51;2023-06-26;;;
653;Sweet Sweetback's Baadasssss Song;Crime|Drama|Thriller;192;Colas Spensley;61.61;2023-07-02;;;
654;Numbers Station, The;Action|Thriller;191;Spence Coady;133.69;2023-04-17;;;
655;Coma;Thriller;125;Annaliese Antoni;87.9;2023-06-19;;;
656;Sketches of Frank Gehry;Documentary;223;Vince McDuffie;122.63;2023-04-12;;;
657;Treed Murray;Drama;224;Blaine Wheelband;115.09;2023-07-23;;;
658;Something in the Wind;Comedy|Musical;192;Carney Howes;48.15;2023-09-12;;;
659;Blood, Guts, Bullets and Octane;Action|Comedy;121;Rayner Heakey;126.58;2023-09-04;;;
660;No Nukes;Documentary|Musical;115;Salli Bargh;136.02;2023-07-10;;;
661;An Empress and the Warriors;Action|Drama|Romance|War;146;Sybyl Borthram;68.72;2022-11-09;;;
662;Forsaking All Others;Comedy|Drama|Romance;200;Elvira Grzeszczyk;148.78;2022-11-14;;;
663;Welcome Farewell-Gutmann (Bienvenido a Farewell-Gutmann);Comedy|Drama;152;Vasilis Browning;122.59;2023-06-07;;;
664;120;Drama|War;107;Amie Eliassen;75.17;2023-10-01;;;
665;Earthling, The;Adventure|Drama;223;Ruperto Meriet;142.53;2023-01-23;;;
666;Redhead from Wyoming, The;Western;168;Samara Gay;88.86;2023-03-30;;;
667;Tale of Two Cities, A;Drama|Romance;103;Angil Clatworthy;139.96;2023-09-19;;;
668;xXx;Action|Crime|Thriller;191;Ezmeralda Sotheron;101.18;2023-09-09;;;
669;Flash Gordon's Trip to Mars;Action|Sci-Fi;101;Lorelle Grouen;130.06;2023-10-01;;;
670;Resolution;Horror|Thriller;178;Malissia Tebbitt;128.31;2023-02-08;;;
671;In the Hands of the Gods;Documentary;187;Ronni Aldren;124.37;2023-08-28;;;
672;The Disappeared;Documentary;155;Emmalynne Iceton;116.4;2023-10-15;;;
673;See This Movie;Comedy;177;August Ferber;75.91;2023-10-30;;;
674;Tungsten;Drama;197;Ricki Yeowell;68.14;2023-01-10;;;
675;Scary Movie 3;Comedy|Horror;148;Ilka Benedit;106.94;2023-02-03;;;
676;Beverly Hills Ninja;Action|Comedy;207;Layla Juckes;103.7;2023-07-08;;;
677;Taxi 4;Action|Comedy;172;Rori Riddett;43.09;2022-12-27;;;
678;Tree Grows in Brooklyn, A;Drama;140;Niles Letixier;141.83;2023-01-26;;;
679;Aliens in the Attic;Adventure|Children|Fantasy|Sci-Fi;142;Merrile Rousby;119.37;2023-01-21;;;
680;Frostbitten (Frostbiten);Comedy|Horror;148;Nathanael Michael;46.73;2022-12-26;;;
681;Two Girls and a Sailor;Comedy|Musical|Romance;234;Cleopatra McKeown;56.44;2023-04-10;;;
682;Leaning Tower, The (Kalteva torni);Comedy;224;Hortense Baldam;138.23;2022-12-01;;;
683;Single Girl, A (Fille seule, La);Drama;152;Neill Batch;149.46;2023-02-07;;;
684;Jackie Brown;Crime|Drama|Thriller;186;Harriette Leall;52.68;2023-07-02;;;
685;War of the Robots (La guerra dei robot);Action|Adventure|Sci-Fi;219;Maggi Tomasik;22.87;2023-05-05;;;
686;I Start Counting;Thriller;135;Cassaundra Vasnetsov;111.53;2023-03-23;;;
687;Buddha Collapsed Out of Shame;Drama|War;240;Bradley Ryman;136.24;2023-07-04;;;
688;Pursuit of the Graf Spee (Battle of the River Plate, The);Action|Adventure|Drama|War;142;Happy Prys;98.52;2023-09-19;;;
689;Tightrope;Thriller;173;Gisella Russell;88.66;2023-08-23;;;
690;U2: Rattle and Hum;Documentary|Musical;157;Susi Jope;135.53;2023-04-23;;;
691;Circle, The;Drama;141;Bethena Bunyard;25.72;2023-08-03;;;
692;The Fifth Season;Drama;157;Alessandro Esslement;22.95;2022-11-05;;;
693;Late Quartet, A;Drama;92;Blondie Tubby;26.61;2023-02-23;;;
694;David Cross: Let America Laugh;Comedy|Documentary;207;Damon Surplice;50.36;2023-02-21;;;
695;5 Fingers;Drama|Thriller;176;Sherlock Azemar;145.38;2023-10-02;;;
696;3rd World Hero (Bayaning Third World);Drama;113;Mallorie Bottomley;57.07;2022-11-04;;;
697;Princess Aurora (Orora gongju);Crime|Drama|Mystery;150;Dyann Hewertson;74.38;2023-09-27;;;
698;Coluche, l'histoire d'un mec;Drama;152;Ogdan Noorwood;135.01;2023-10-21;;;
699;Lust for Gold;Romance|Western;153;Michelle Noriega;23.95;2023-07-09;;;
700;King David;Action|Drama|War;166;Minor Lemar;59.16;2023-07-11;;;
701;UHF;Comedy;140;Frannie Harness;26.19;2023-02-14;;;
702;Right Kind of Wrong, The;Comedy|Romance;157;Derk Bernade;86.93;2023-09-16;;;
703;Up the Yangtze;Documentary;234;Boone Burvill;72.45;2023-06-11;;;
704;The Vexxer;Comedy|Crime;191;Diandra Fairlem;114.34;2023-10-11;;;
705;From Dad to Son;Animation|Drama;152;Andrew Simmins;104.65;2023-07-01;;;
706;Farmer & Chase;Comedy;161;Zsa zsa Molohan;115.03;2023-04-10;;;
707;Buddy Buddy;Comedy;224;Ansley Attenbrow;59.86;2023-06-09;;;
708;Making Mr. Right;Comedy|Romance|Sci-Fi;158;Cherrita Wrathall;139.12;2022-12-21;;;
709;Sione's Wedding (Samoan Wedding);Comedy|Romance;175;Tove Chesterman;19.02;2023-05-04;;;
710;C.S.A.: The Confederate States of America;Comedy|Drama;184;Fergus Woolbrook;20.28;2023-05-25;;;
711;Mrs. Soffel;Drama|Romance;220;Phylis Bruineman;12.52;2023-03-21;;;
712;Ffolkes;Action|Adventure|Thriller;181;Korie Rees;42.96;2022-12-31;;;
713;9;Animation|Fantasy;218;Darcee Verlinde;11.59;2023-06-14;;;
714;Maidens in Uniform (Mädchen in Uniform);Drama|Romance;214;Astrid Faireclough;120.56;2022-12-27;;;
715;Allan Quatermain and the Lost City of Gold;Action|Adventure|Comedy;98;Rey Rude;13.89;2023-08-08;;;
716;Coney Island;Comedy;217;Loleta Fundell;54.96;2022-11-15;;;
717;Margaret;Drama;171;Ameline Caygill;143.29;2023-08-21;;;
718;Hello, Dolly!;Comedy|Musical|Romance;238;Melli Fookes;136.49;2023-06-25;;;
719;Bogus;Children|Drama|Fantasy;129;Julissa Buttress;119.77;2023-10-23;;;
720;The Bride Wore Red;Comedy|Drama|Romance;128;Bernie Brunelleschi;29.28;2022-12-02;;;
721;Django, Kill... If You Live, Shoot! (Se sei vivo spara);Horror|Western;169;Anett Sands;125.6;2023-06-17;;;
722;Blue Thunder;Action|Crime|Drama;158;Bree Polkinhorn;125.4;2023-01-16;;;
723;Read My Lips (Sur mes lèvres);Crime|Drama|Thriller;206;Corie Bathoe;95.67;2022-11-23;;;
724;Rage;Drama;146;Esma Blumsom;40.0;2023-01-28;;;
725;Pyramid, The;Horror;206;Goldy Tonkinson;42.42;2023-06-20;;;
726;Boy Who Could Fly, The;Drama|Fantasy;142;Udale Crasswell;113.85;2023-09-04;;;
727;Behind Enemy Lines;Action|Drama|War;225;Glenden Petherick;20.2;2023-04-28;;;
728;Sometimes a Great Notion;Action|Adventure|Drama;111;Agnese Martinuzzi;26.53;2023-01-10;;;
729;If Footmen Tire You What Will Horses Do?;Drama;193;Tabatha Lanigan;113.22;2023-11-02;;;
730;Earth;Drama|War;113;Issy Perkins;51.14;2023-07-19;;;
731;Inconvenient Truth, An;Documentary;119;Berri Tookill;97.91;2022-11-30;;;
732;Tremors;Comedy|Horror|Sci-Fi;118;Hi Dmitrichenko;60.93;2023-01-07;;;
733;Stupids, The;Comedy;164;Corissa Hoyles;26.23;2023-07-29;;;
734;Bonjour Monsieur Shlomi (Ha-Kochavim Shel Shlomi);Comedy|Drama;139;Dougie Wallage;114.04;2023-07-22;;;
735;Madhouse;Crime|Horror|Mystery;97;Lisa Stolte;137.68;2022-12-27;;;
736;Anne of Green Gables: The Sequel (a.k.a. Anne of Avonlea);Children|Drama|Romance;175;Ethelbert Neno;23.1;2023-01-30;;;
737;Actresses (Actrices);Comedy|Drama;214;Scarlett Gillino;63.88;2023-07-31;;;
738;Godzilla: Tokyo S.O.S. (Gojira tai Mosura tai Mekagojira: Tôkyô S.O.S.);Action|Fantasy|Sci-Fi;165;Maureene Blaik;96.85;2023-03-06;;;
739;Two Can Play That Game;Comedy|Drama;210;Natty Creavin;34.14;2023-04-26;;;
740;Man on the Moon;Comedy|Drama;226;Cedric Singleton;19.94;2023-09-05;;;
741;External Affairs;Drama;163;Emery Tremouille;39.51;2023-08-06;;;
742;Year One;Adventure|Comedy;174;Kaiser Kroon;119.58;2023-09-11;;;
743;Our Idiot Brother;Comedy;181;Heather Borrington;17.35;2023-04-21;;;
744;Jackass Presents: Bad Grandpa;Comedy;177;Alisander Posselwhite;38.13;2023-05-20;;;
745;Mr. 3000;Comedy|Drama;199;Staci Skelington;23.39;2023-10-04;;;
746;Kamchatka;Drama;119;Stanislas Smewin;88.62;2023-10-19;;;
747;We Are What We Are (Somos lo que hay);Drama|Horror;218;Moishe Woolvett;10.62;2022-12-25;;;
748;White Squall;Action|Adventure|Drama;120;Ame McNelly;148.42;2023-01-27;;;
749;Future by Design;Documentary|Sci-Fi;171;Alys Just;104.07;2022-12-03;;;
750;Space;Drama;189;Patrizio Navarro;138.06;2023-10-28;;;
751;Maurice;Drama|Romance;106;Scotti Baxill;104.06;2023-03-31;;;
752;Sparks;Action|Fantasy|Mystery|Sci-Fi|Thriller;105;Callida Meek;95.32;2023-10-31;;;
753;The Wind in the Willows;Adventure|Animation|Children|Comedy;148;Ulric Fowlestone;55.31;2023-05-29;;;
754;Stealing a Nation;Documentary;126;Isabeau Clymer;17.37;2022-11-22;;;
755;Hawk Is Dying, The;Drama;100;Illa McFarland;115.94;2023-03-08;;;
756;Visual Acoustics;Documentary;180;Manon Culleford;122.64;2022-12-14;;;
757;Nothing Sacred;Comedy|Drama|Romance;108;Gwynne Killbey;45.5;2022-12-05;;;
758;Back to the Future Part II;Adventure|Comedy|Sci-Fi;114;Sharron Puxley;19.64;2023-02-28;;;
759;U.S. vs. John Lennon, The;Documentary;219;Mile Bilbey;87.63;2023-07-20;;;
760;Little Secrets;Children|Comedy|Drama;157;Curtis Dikle;129.74;2022-12-11;;;
761;Reader, The;Drama|Romance;95;Lucinda Yuryev;99.94;2023-04-19;;;
762;Cry Wolf;Crime|Drama|Mystery|Thriller;117;Vivia Mazin;11.83;2023-07-15;;;
763;Storm of the Century;Horror|Thriller;212;Dahlia Byrde;95.79;2023-09-11;;;
764;Raiders of Atlantis, The;Action|Mystery|Sci-Fi;90;Goldia Swin;71.64;2023-05-18;;;
765;Little Foxes, The;Drama;138;Crichton Maker;53.88;2023-08-30;;;
766;Raw Deal: A Question of Consent;Documentary;142;Sayre Alabone;101.28;2023-06-08;;;
767;Rudolph the Red-Nosed Reindeer: The Movie;Animation|Children;135;Ina Josifovic;52.04;2023-01-28;;;
768;Dead Heat on a Merry-Go-Round;Comedy|Crime;171;Ondrea Carsberg;87.23;2023-05-26;;;
769;Pajeczarki;Action|Comedy;239;Kaleb Bake;96.16;2023-02-11;;;
770;Frozen;Drama;130;Darsie Yesinin;132.71;2023-07-24;;;
771;Lonesome;Comedy|Drama|Romance;229;Toby Wight;13.86;2023-05-04;;;
772;Switch, The;Comedy|Romance;134;Willie Lindholm;46.11;2023-03-28;;;
773;High School High;Comedy;143;Matthew Duinbleton;106.93;2023-09-10;;;
774;Everything Will Be Fine;Drama|Thriller;119;Prentice Ochiltree;132.55;2023-04-26;;;
775;All American Chump;Comedy;231;Rosaleen Patinkin;114.22;2023-06-13;;;
776;Shadow People;Drama;224;Gennie Fieller;104.04;2023-10-24;;;
777;Jackpot;Drama;163;Jacinda Deards;142.83;2022-11-25;;;
778;Zorro, the Gay Blade;Comedy;91;Lanna McMonnies;83.6;2022-12-06;;;
779;Me and Morrison (Minä ja Morrison);Romance;211;Riki Townby;53.81;2023-03-07;;;
780;Dancing Hawk, The (Tanczacy jastrzab);(no genres listed);187;Zandra Duddan;94.74;2022-11-28;;;
781;Stockholm, Pennsylvania;Drama|Thriller;132;Adriaens Ianizzi;56.49;2023-04-07;;;
782;Feeling Minnesota;Drama|Romance;210;Daniele Cornu;80.21;2023-03-14;;;
783;Ladies in Retirement;Drama;121;Kendre Jirzik;84.94;2023-07-21;;;
784;Acadia Acadia?!? (L'acadie, l'Acadie);Documentary;177;Gwyn Beenham;99.96;2023-04-08;;;
785;Tunnel, The;Drama|Horror|Thriller;154;Chrisy Kermon;13.98;2023-07-25;;;
786;Ripley Under Ground;Drama|Romance|Thriller;202;Theda Tomasutti;128.13;2023-05-05;;;
787;Hellraiser;Horror;125;Amy Veschambes;113.2;2023-07-04;;;
788;Undisputed II: Last Man Standing;Action|Crime|Drama;150;Ludwig Thomke;116.12;2023-01-23;;;
789;Days and Hours (Kod amidze Idriza);Drama;161;Welby MacInerney;88.24;2023-06-27;;;
790;Comedy of Innocence (Comédie de l'innocence);Drama|Thriller;101;Maddalena Blodget;114.57;2023-08-13;;;
791;Delgo;Adventure|Animation|Comedy|Fantasy|Romance;111;Marcos Tomasz;104.85;2023-10-30;;;
792;Friend Is a Treasure, A (Chi Trova Un Amico, Trova un Tesoro) (Who Finds a Friend Finds a Treasure);Action|Adventure|Comedy;170;Shepard Jamrowicz;121.48;2022-12-26;;;
793;Nicholas Nickleby;Drama|Romance;238;Hadlee Bamborough;22.49;2023-04-26;;;
794;It's A Wonderful World;Comedy|Crime|Romance;194;Isidora Keher;88.09;2023-05-10;;;
795;Greetings;Comedy;144;Sydney Mercy;11.93;2023-02-14;;;
796;Prince of Jutland (a.k.a. Royal Deceit);Drama;155;Corty Rispin;38.1;2023-10-18;;;
797;Kisses;Drama;216;Eric Roeby;55.36;2022-12-22;;;
798;You Don't Mess with the Zohan;Comedy;233;Fernanda Degoe;132.34;2023-06-24;;;
799;Jonathan Rosenbaum, Present;Documentary;189;Glynnis Gingedale;99.07;2023-03-10;;;
800;Mondays in the Sun (Lunes al sol, Los);Drama;189;Emmet Cruft;86.74;2023-08-10;;;
801;Reluctant Astronaut, The;Comedy;237;Mag Noddles;102.23;2023-01-11;;;
802;Tess;Drama|Romance;236;Araldo Aslen;91.3;2023-08-02;;;
803;Dying Swan, The (Umirayushchii lebed);Drama;191;Jephthah Glaze;92.88;2023-03-22;;;
804;Russian Roulette;Drama|Thriller;146;Sauveur Stobbe;106.41;2023-10-07;;;
805;City Limits;Action|Sci-Fi;224;Marget McConway;80.01;2023-10-01;;;
806;Real Life;Comedy;237;Kara-lynn Tyne;59.0;2023-05-09;;;
807;Late Autumn (Man-choo);Drama|Romance;153;Kandy Aleksankin;130.44;2023-04-15;;;
808;Heavyweights (Heavy Weights);Children|Comedy;96;Sharline Eden;87.83;2023-07-26;;;
809;Speak;Drama;118;Sullivan O'Feeney;129.63;2023-01-15;;;
810;American Ninja;Action|Adventure;103;Wenona Stithe;75.93;2023-08-23;;;
811;Curse of the Jade Scorpion, The;Comedy;218;Jacynth Rowlinson;38.77;2023-08-17;;;
812;Demonic Toys;Comedy|Fantasy|Horror;230;Frannie Kleinhaut;90.57;2023-06-21;;;
813;John Q;Crime|Drama|Thriller;193;Mandy Sheehy;108.34;2023-07-28;;;
814;Volcano High (Whasango);Action|Comedy;97;Costa Leatherland;108.27;2023-02-05;;;
815;Die Fischerin;Drama;163;Donaugh Beagin;72.14;2023-01-09;;;
816;Bug;Horror|Mystery|Sci-Fi;164;Fee Desmond;65.54;2023-10-26;;;
817;Vengeance (Fuk sau);Action|Crime|Thriller;158;Emanuel Caroline;34.67;2023-06-05;;;
818;Mother's Courage: Talking Back to Autism, A;Documentary;142;Nikolaus Gerasch;83.97;2022-12-20;;;
819;American Beauty;Comedy|Drama;174;Lynnett Verbrugge;143.1;2023-04-29;;;
820;Interview;Drama;228;Reinaldo Kirby;90.35;2023-07-22;;;
821;Merchants of Doubt;Documentary;197;Vikki Emmitt;86.84;2023-10-05;;;
822;Amour;Drama|Romance;237;Ludovico Benz;105.23;2023-06-26;;;
823;Jesus Is a Palestinian (Jezus is een Palestijn);Comedy;201;Alvina Freak;116.51;2023-01-29;;;
824;Asphalt Playground (La cité rose);Comedy;90;Ruperta Havesides;29.67;2023-03-08;;;
825;They Gave Him A Gun;Crime|Drama;146;Elysee Handmore;20.28;2023-10-13;;;
826;Taming of the Shrew, The;Comedy;224;Ailbert Lapley;140.32;2023-05-21;;;
827;Fistful of Fingers, A;Comedy|Western;240;Raymund Calderonello;54.76;2022-12-02;;;
828;Flesh for Frankenstein (a.k.a. Andy Warhol's Frankenstein);Drama|Horror|Sci-Fi;177;Ave Mithon;91.6;2023-09-28;;;
829;My Wife's Relations;Comedy;168;Saleem Bright;88.97;2023-01-30;;;
830;Lola Montès;Drama;220;Joeann Arbon;18.54;2022-12-11;;;
831;Pariah;Drama;210;Barnabe Geikie;25.86;2023-08-27;;;
832;Anything Else;Comedy|Drama|Romance;100;Annecorinne Dunphie;116.35;2023-07-09;;;
833;Poltergeist II: The Other Side;Horror|Thriller;163;Umberto Ivatt;129.22;2023-10-06;;;
834;Lotte Reiniger: Homage to the Inventor of the Silhouette Film;Documentary;126;Doralyn Aird;41.78;2023-07-17;;;
835;Revenge of the Ninja;Action|Drama;220;Kareem Crafts;10.87;2023-07-18;;;
836;Once Upon a Crime...;Comedy|Mystery;173;Reggie Biglin;129.34;2023-04-09;;;
837;What's in a Name (Prénom, Le);Comedy;239;Sylvia Lefeuvre;35.32;2023-07-28;;;
838;Idlewild;Crime|Drama|Musical;107;Nikita Glasscoo;21.29;2023-08-24;;;
839;Prometheus;Action|Horror|Sci-Fi|IMAX;91;Elita Beadell;141.04;2023-04-30;;;
840;I Am Love (Io sono l'amore);Drama|Romance;226;Devon Becom;82.51;2023-01-09;;;
841;Universal Soldier: Day of Reckoning;Action|Sci-Fi|Thriller;119;Mattie Kulicke;103.42;2023-03-08;;;
842;April Showers;Drama;215;Merle Shepherd;145.56;2023-04-22;;;
843;Shadow Kill;Drama;110;Gray Carratt;128.14;2022-11-16;;;
844;American Zombie;Comedy|Horror;109;Alina Iashvili;60.32;2023-04-01;;;
845;Butch Cassidy and the Sundance Kid;Action|Western;151;Burnaby Fry;118.6;2023-01-07;;;
846;Seven Girlfriends;Comedy|Romance;195;Rozele Hobble;12.27;2023-09-14;;;
847;Shooting Fish;Comedy|Romance;226;Aloin Caldairou;68.88;2023-03-28;;;
848;Act of Violence;Drama|Film-Noir|Thriller;189;Bonnee Mose;40.61;2023-02-20;;;
849;Michael the Brave (Mihai Viteazul);Action|Drama;90;Moise Mynett;111.35;2023-09-26;;;
850;Crockdale;Drama;143;Edsel Diment;114.44;2023-06-15;;;
851;Gore Vidal: The United States of Amnesia;Documentary;98;Mandy Muzzall;18.01;2023-02-01;;;
852;Gimme the Loot;Drama;220;Dasya Rabjohns;23.48;2023-10-14;;;
853;Buddy Buddy;Comedy;186;Meryl Walmsley;86.8;2023-08-03;;;
854;Deadline - U.S.A.;Crime|Drama;200;Tyrus Pelling;22.85;2022-12-01;;;
855;300 Spartans, The;Adventure|Drama|War;103;Nathaniel Dufour;74.26;2022-12-23;;;
856;Moment After, The;Drama|Sci-Fi|Thriller;108;Nara Antonovic;67.53;2023-11-01;;;
857;Scared Shrekless;Adventure|Animation|Comedy;103;Darius Lowers;79.46;2023-04-16;;;
858;Disclosure;Drama|Thriller;239;Anet Bill;51.48;2023-07-08;;;
859;Penda's Fen;Fantasy;192;Jennica Gruszecki;39.75;2023-10-27;;;
860;Lionheart;Action;170;Donna Bucky;119.69;2023-07-30;;;
861;Hi, Mom!;Comedy;159;Kale Coggell;57.34;2023-03-09;;;
862;Ted;Comedy|Fantasy;193;Ramona Cockerham;36.13;2023-04-16;;;
863;Delicacy (La délicatesse);Comedy|Romance;130;Lavinie Medlicott;104.79;2023-05-10;;;
864;Phantom Lady;Crime|Film-Noir|Mystery;206;Valentine Fausch;19.2;2023-04-09;;;
865;Saving Face;Documentary|Drama;221;Calli Zanardii;69.06;2023-06-20;;;
866;Magnificent Warriors (Zhong hua zhan shi);Action;109;Melony Ambler;140.4;2023-02-22;;;
867;Game Over;Crime|Drama|Thriller;223;Gretal Halgarth;141.0;2022-11-12;;;
868;Days of Grace (Días de gracia) ;Thriller;232;Rozele Darrell;93.23;2022-12-19;;;
869;Two Weeks in Another Town;Drama;188;Gare Edess;40.54;2022-12-20;;;
870;Firestarter;Horror|Thriller;220;Lyn Francomb;135.27;2023-01-16;;;
871;Turtle's Tale: Sammy's Adventures, A;Adventure|Animation;206;Chrotoem Piwell;120.03;2023-08-10;;;
872;Small Cuts (Petites coupures);Drama|Romance;173;Nikos Paprotny;50.84;2023-06-23;;;
873;Good Morning, Babylon;Drama;105;Tiffany Vasile;130.16;2023-09-30;;;
874;Astronaut Farmer, The;Drama;93;Pet Bottrell;146.12;2023-02-26;;;
875;3000 Miles to Graceland;Action|Thriller;116;Jaime Bartlomieczak;129.51;2023-10-17;;;
876;Trilogy of Terror II;Horror;101;Darb Colicot;91.34;2023-01-11;;;
877;Flight of the Navigator;Adventure|Children|Sci-Fi;146;Allistir Licari;143.63;2023-03-03;;;
878;Vampire Apocalypse;Comedy|Horror;185;Rockwell Maddinon;106.12;2023-04-26;;;
879;Backwood Philosopher (Havukka-ahon ajattelija);Comedy|Drama;94;Pansy Auchterlonie;21.77;2022-11-30;;;
880;Listy do M.;Comedy|Romance;206;Ephrem Confait;135.0;2023-09-05;;;
881;Garden of Allah, The;Drama;174;Gennifer Bonehill;124.82;2022-12-18;;;
882;Legend of the Lost;Adventure;125;Brook Kubatsch;57.81;2023-09-09;;;
883;Sidekicks;Action|Adventure|Children|Comedy;168;Danila Caplen;41.95;2023-06-21;;;
884;Forgetting Sarah Marshall;Comedy|Romance;92;Freedman Haffenden;40.26;2023-05-09;;;
885;Kisses (Kuchizuke);Drama|Romance;114;Aleece Desantis;43.25;2023-09-10;;;
886;Unconscious (Inconscientes);Comedy|Mystery|Romance;224;Vere Leglise;104.1;2022-11-18;;;
887;Heartbeats (Les amours imaginaires);Drama|Romance;104;Haily Beebis;105.27;2023-02-15;;;
888;Cleaner;Crime|Thriller;143;Clerkclaude Dencs;80.91;2023-06-27;;;
889;Rambo (Rambo 4);Action|Drama|Thriller|War;121;Fitzgerald Lamperti;121.37;2023-06-27;;;
890;Charge of the Light Brigade, The;Drama|War;167;Kane Lennon;59.4;2023-02-28;;;
891;Trust the Man;Comedy|Drama|Romance;143;Kay Studman;127.59;2023-07-31;;;
892;Last Days;Drama;224;Dori Divisek;99.18;2022-12-08;;;
893;Secret Ballot (Raye makhfi);Comedy;135;Allie Burstowe;100.33;2023-04-20;;;
894;Honey Moon (Honigmond);Comedy;175;Carce Thomason;96.21;2023-02-11;;;
895;Cat Concerto, The;Animation|Children|Comedy;121;Granthem Schubbert;17.78;2023-09-30;;;
896;Lost in America;Comedy;167;Biddie Bohden;81.91;2023-11-01;;;
897;Wyatt Earp's Revenge;Action|Adventure|Drama;111;Gennie Fincher;32.41;2023-04-16;;;
898;Carnival of Souls;Horror|Thriller;167;Milton Kinset;117.56;2023-03-13;;;
899;Love Liza;Drama;123;Lemar Paulsen;132.35;2023-09-06;;;
900;Romantics Anonymous (Les émotifs anonymes);Comedy|Romance;137;Randolf Gotch;43.7;2023-05-04;;;
901;How to Live Forever;Documentary;108;Bronny Bilovsky;22.66;2023-05-25;;;
902;Adventures of a Dentist;Comedy;92;Elysee Antrobus;60.64;2023-03-13;;;
903;Traffic Affairs (Mitfahrer);Drama;127;Stevy Rozycki;68.65;2023-09-16;;;
904;Never Let Me Go;Drama|Romance|Sci-Fi;199;Godiva Londsdale;58.96;2023-01-30;;;
905;Of Time and the City;Documentary;210;Luigi Pavek;32.86;2023-04-17;;;
906;Mirror, The (Ayneh);Drama;211;Lorianna Salaman;68.99;2023-01-06;;;
907;Jonah Who Will Be 25 in the Year 2000 (Jonas qui aura 25 ans en l'an 2000);Comedy;165;Bord Jedras;21.18;2023-09-29;;;
908;The Dark Knight;Action|Crime|Drama|Thriller;133;Beatriz Gaskin;17.25;2023-09-09;;;
909;Whisper of the Heart (Mimi wo sumaseba);Animation|Drama|Romance;230;Noak Fairhall;68.11;2023-01-29;;;
910;Evilspeak;Horror|Sci-Fi;237;Emmet Philcott;42.56;2023-04-04;;;
911;Bucky Larson: Born to Be a Star;Comedy;128;Dietrich Cominetti;40.8;2023-07-13;;;
912;Fan, The;Drama|Thriller;165;Katie Leckenby;48.44;2023-03-01;;;
913;Son of Godzilla (Kaijûtô no kessen: Gojira no musuko);Sci-Fi;237;Gavan Dymock;65.11;2023-09-20;;;
914;Ax, The (couperet, Le);Comedy|Crime;228;Cecelia Sherrock;75.17;2023-09-09;;;
915;Sorority Wars;Comedy|Drama;133;Lewiss Strewther;131.32;2022-11-12;;;
916;Code, The (Mentale, La);Action|Crime|Thriller;215;Bryce Ast;136.66;2023-01-29;;;
917;Civil Action, A;Drama;116;Mill Shedd;107.81;2023-08-08;;;
918;Exorcist II: The Heretic;Horror;93;Archie Kelling;31.53;2022-12-29;;;
919;The Gruffalo's Child;Adventure|Animation|Children|Fantasy;214;Dede Argont;15.14;2023-02-05;;;
920;Happy Together (a.k.a. Buenos Aires Affair) (Chun gwong cha sit);Drama|Romance;233;Hubey Petow;95.3;2023-05-21;;;
921;Without Warning;Sci-Fi;199;Ban Urion;35.12;2023-06-07;;;
922;Dark Night of the Scarecrow;Horror|Mystery;150;Rudie Woolard;14.16;2023-08-20;;;
923;Bananaz;Documentary;166;Humphrey Cobden;42.96;2023-01-18;;;
924;King Boxer: Five Fingers of Death (Tian xia di yi quan);Action|Drama|Romance;226;Marina Blakden;147.44;2023-09-14;;;
925;My Dear Desperado;Comedy;154;Pierrette Roxburgh;81.38;2023-03-21;;;
926;I Hate But Love (Nikui an-chikushô);Action|Comedy|Drama|Romance;90;Anatole Kadd;27.11;2023-10-16;;;
927;All Together, The;Comedy|Drama|Romance;209;Hedda Brahmer;139.5;2023-06-03;;;
928;Just Pals;Western;168;Sherill Royden;51.12;2022-12-05;;;
929;Kind of Loving, A;Drama|Romance;132;Ralf Seifenmacher;38.82;2023-04-29;;;
930;Kiss of Death;Crime|Drama|Thriller;114;Carter Frandsen;22.67;2023-06-08;;;
931;Blood on Satan's Claw (a.k.a. Satan's Skin);Horror|Thriller;91;Burch Docksey;39.83;2023-07-06;;;
932;Ferryman, The;Fantasy|Horror|Thriller;104;Liz Agius;127.56;2023-06-17;;;
933;Mummy's Ghost, The;Horror;130;Hanny Sibbons;19.02;2022-11-13;;;
934;Intermezzo;Drama|Romance;200;Nadiya Kell;72.48;2023-08-23;;;
935;Blood, Sweat + Vinyl: DIY in the 21st Century;Documentary;180;Samara Templman;24.46;2023-09-03;;;
936;Dam Busters, The;Action|Drama|War;213;Booth Abdy;59.02;2023-07-04;;;
937;Cannonball;Action|Comedy|Drama;168;Denyse Baterip;145.17;2023-08-20;;;
938;Let It Ride;Comedy;176;Horatio Sannes;134.21;2023-03-01;;;
939;Above the Rim;Crime|Drama;164;Zara Have;122.46;2023-01-15;;;
940;North by Northwest;Action|Adventure|Mystery|Romance|Thriller;104;Karlotta Hearsum;86.27;2023-06-10;;;
941;My Life in Pink (Ma vie en rose);Comedy|Drama;90;Correy Jelly;35.17;2023-06-13;;;
942;Next Stop, Greenwich Village;Comedy;93;Sher Mehaffey;54.19;2023-08-14;;;
943;Colossal Youth (Juventude Em Marcha);Drama;223;Melody Bysouth;129.25;2023-04-03;;;
944;Man Who Loved Women, The;Comedy;161;Melisande Thresh;109.96;2023-05-25;;;
945;Blade;Action|Horror|Thriller;170;Gibby Moseby;63.73;2023-08-08;;;
946;Office Space;Comedy|Crime;223;Dominick Faireclough;51.38;2023-05-30;;;
947;Koumiko Mystery, The (Mystère Koumiko, Le);Documentary;159;Lisabeth Bullcock;132.31;2023-06-03;;;
948;Waiting...;Comedy;168;Jemie Riddeough;57.42;2023-07-13;;;
949;Chicken Little;Action|Adventure|Animation|Children|Comedy|Sci-Fi;214;Lucky John;21.1;2023-07-05;;;
950;Frozen, The;Horror|Thriller;97;Silvana Pendrich;140.68;2023-04-08;;;
951;Dorado, El;Drama;220;Jonathan Gilberthorpe;39.69;2023-06-27;;;
952;Cover-Up;Action|Thriller;161;Vinita O'Logan;111.55;2022-12-10;;;
953;97 Percent True;Documentary;139;Riane Tolemache;41.22;2023-04-15;;;
954;Dancer, Texas Pop. 81;Comedy|Drama;159;Waverly Sellick;59.5;2023-10-24;;;
955;Viva Cuba;Comedy|Drama;200;Desirae Gerault;31.18;2023-02-26;;;
956;Eat Sleep Die (Äta sova dö);Drama;92;Lian Witson;105.84;2022-11-21;;;
957;Coming Out;Drama;147;Frank Quan;10.32;2023-08-25;;;
958;Home Alone 2: Lost in New York;Children|Comedy;177;Chiarra Prewett;34.19;2023-03-15;;;
959;Open Range;Western;235;Robinett Knudsen;53.15;2023-01-25;;;
960;Pitch Black;Horror|Sci-Fi|Thriller;132;Binny Becke;43.01;2023-02-08;;;
961;Oliver Twist;(no genres listed);108;Zenia Brunesco;43.21;2023-06-12;;;
962;Return to House on Haunted Hill;Horror|Thriller;128;Danit Copplestone;100.7;2023-03-10;;;
963;Drop Dead Gorgeous;Comedy;190;Kalinda Davenport;95.22;2023-06-25;;;
964;Sallah;Comedy;208;Farleigh Cradoc;140.32;2023-10-25;;;
965;TMNT (Teenage Mutant Ninja Turtles);Action|Adventure|Animation|Children|Comedy|Fantasy;95;Kev Kobieriecki;86.95;2023-06-18;;;
966;Limey, The;Crime|Drama|Thriller;200;Maggee Blaby;86.88;2023-08-26;;;
967;Wallace & Gromit: The Best of Aardman Animation;Adventure|Animation|Comedy;113;Marcel Varcoe;110.05;2023-03-29;;;
968;In the Soup;Comedy|Drama;162;Magda Parradice;60.49;2023-02-18;;;
969;Franz Kafka's a Country Doctor;Animation|Drama;159;Addy Maxwaile;15.0;2023-01-12;;;
970;Spring is Here;Comedy|Musical|Romance;179;Clarabelle Shafto;25.38;2023-07-13;;;
971;Tremors 3: Back to Perfection;Comedy|Horror|Sci-Fi;135;Alvis Kezourec;11.92;2022-12-23;;;
972;Games People Play: New York;Comedy|Documentary|Drama;116;Monica Partleton;80.27;2022-12-19;;;
973;Billy Jack;Action|Drama;230;Israel Lowdham;47.26;2023-08-24;;;
974;Spy Kids;Action|Adventure|Children|Comedy;106;Mikael Shere;133.94;2022-12-13;;;
975;Super Troopers;Comedy|Crime|Mystery;162;Innis Comiskey;27.47;2022-11-27;;;
976;Jungle Book 2, The;Animation|Children;115;Roderic Rougier;102.99;2023-07-03;;;
977;Big Trees, The;Action|Drama;234;Consolata Cliffe;130.36;2023-10-24;;;
978;20 Years After;Drama|Fantasy|Sci-Fi;234;Tiphani Blas;34.32;2023-08-22;;;
979;Blade Runner;Action|Sci-Fi|Thriller;157;Kelly Walcar;56.22;2023-08-14;;;
980;Man Who Cried, The;Drama;209;Nickie Banes;42.94;2023-04-09;;;
981;Good Neighbor Sam;Comedy;130;Gregorio Adamo;147.65;2023-01-07;;;
982;Married to the Mob;Comedy;223;Mandel Puddephatt;27.74;2023-05-08;;;
983;Saving Private Ryan;Action|Drama|War;159;Benjie Tomaschke;11.8;2023-01-10;;;
984;Blue Gold: World Water Wars;Documentary;197;Devina Lynes;21.06;2022-12-05;;;
985;Mystery, Alaska;Children|Comedy;146;Blair Lanon;132.98;2023-10-03;;;
986;Squall, The;Drama;212;Garwin Keitch;89.93;2023-05-31;;;
987;Gun in Betty Lou's Handbag, The;Comedy|Mystery;174;Katheryn Ugoletti;26.36;2023-08-09;;;
988;Death on the Staircase (Soupçons);Crime|Documentary;113;Silvio Sneden;11.88;2023-09-03;;;
989;War, Inc.;Comedy|Crime|Thriller;135;Kissiah Yves;50.46;2023-04-08;;;
990;Peeping Tom;Drama|Horror|Thriller;116;Garreth Boyan;91.66;2023-06-09;;;
991;In the Midst of Life (Au coeur de la vie);Drama|War;187;Reese Musslewhite;71.97;2023-03-23;;;
992;Pride;Drama;226;Melonie Scohier;95.57;2023-09-29;;;
993;Unfinished Sky;Drama|Romance;231;Lucie Barron;15.72;2023-02-16;;;
994;Child Bride;Drama;216;Jacintha Katte;109.87;2023-01-05;;;
995;Broadcast News;Comedy|Drama|Romance;185;Devora Milberry;21.44;2023-10-22;;;
996;Yes: 9012 Live;Documentary|Musical;215;Fairfax Hirche;96.06;2023-07-09;;;
997;Ellie Parker;Comedy|Drama;157;Toinette Fist;59.97;2023-02-10;;;
998;Crossroads;Drama;239;Mireielle Barehead;50.72;2023-06-07;;;
999;Last Exorcism, The;Horror|Thriller;164;Lira Siggee;77.71;2023-03-30;;;
1000;Bewitched (Alter Ego);Crime|Drama|Film-Noir|Thriller;140;Cody Oertzen;113.24;2023-06-26;;;
